Province/State,Country/Region,Lat,Long,Date,Confirmed,Deaths,Recovered,Active,"WHO Region"
,Afghanistan,33.9391,67.71,2020-01-22,0,0,0,0,"Eastern Mediterranean"
,Albania,41.1533,20.1683,2020-01-22,0,0,0,0,Europe
,Algeria,28.0339,1.6596,2020-01-22,0,0,0,0,Africa
,Andorra,42.5063,1.5218,2020-01-22,0,0,0,0,Europe
,Angola,-11.2027,17.8739,2020-01-22,0,0,0,0,Africa
,"Antigua and Barbuda",17.0608,-61.7964,2020-01-22,0,0,0,0,Americas
,Argentina,-38.4161,-63.6167,2020-01-22,0,0,0,0,Americas
,Armenia,40.0691,45.0382,2020-01-22,0,0,0,0,Europe
"Australian Capital Territory",Australia,-35.4735,149.012,2020-01-22,0,0,0,0,"Western Pacific"
"New South Wales",Australia,-33.8688,151.209,2020-01-22,0,0,0,0,"Western Pacific"
"Northern Territory",Australia,-12.4634,130.846,2020-01-22,0,0,0,0,"Western Pacific"
Queensland,Australia,-27.4698,153.025,2020-01-22,0,0,0,0,"Western Pacific"
"South Australia",Australia,-34.9285,138.601,2020-01-22,0,0,0,0,"Western Pacific"
Tasmania,Australia,-42.8821,147.327,2020-01-22,0,0,0,0,"Western Pacific"
Victoria,Australia,-37.8136,144.963,2020-01-22,0,0,0,0,"Western Pacific"
"Western Australia",Australia,-31.9505,115.86,2020-01-22,0,0,0,0,"Western Pacific"
,Austria,47.5162,14.5501,2020-01-22,0,0,0,0,Europe
,Azerbaijan,40.1431,47.5769,2020-01-22,0,0,0,0,Europe
,Bahamas,25.0259,-78.0359,2020-01-22,0,0,0,0,Americas
,Bahrain,26.0275,50.55,2020-01-22,0,0,0,0,"Eastern Mediterranean"
,Bangladesh,23.685,90.3563,2020-01-22,0,0,0,0,"South-East Asia"
,Barbados,13.1939,-59.5432,2020-01-22,0,0,0,0,Americas
,Belarus,53.7098,27.9534,2020-01-22,0,0,0,0,Europe
,Belgium,50.8333,4.46994,2020-01-22,0,0,0,0,Europe
,Benin,9.3077,2.3158,2020-01-22,0,0,0,0,Africa
,Bhutan,27.5142,90.4336,2020-01-22,0,0,0,0,"South-East Asia"
,Bolivia,-16.2902,-63.5887,2020-01-22,0,0,0,0,Americas
,"Bosnia and Herzegovina",43.9159,17.6791,2020-01-22,0,0,0,0,Europe
,Brazil,-14.235,-51.9253,2020-01-22,0,0,0,0,Americas
,Brunei,4.5353,114.728,2020-01-22,0,0,0,0,"Western Pacific"
,Bulgaria,42.7339,25.4858,2020-01-22,0,0,0,0,Europe
,"Burkina Faso",12.2383,-1.5616,2020-01-22,0,0,0,0,Africa
,"Cabo Verde",16.5388,-23.0418,2020-01-22,0,0,0,0,Africa
,Cambodia,11.55,104.917,2020-01-22,0,0,0,0,"Western Pacific"
,Cameroon,3.848,11.5021,2020-01-22,0,0,0,0,Africa
Alberta,Canada,53.9333,-116.576,2020-01-22,0,0,0,0,Americas
"British Columbia",Canada,53.7267,-127.648,2020-01-22,0,0,0,0,Americas
Manitoba,Canada,53.7609,-98.8139,2020-01-22,0,0,0,0,Americas
"New Brunswick",Canada,46.5653,-66.4619,2020-01-22,0,0,0,0,Americas
"Newfoundland and Labrador",Canada,53.1355,-57.6604,2020-01-22,0,0,0,0,Americas
"Nova Scotia",Canada,44.682,-63.7443,2020-01-22,0,0,0,0,Americas
Ontario,Canada,51.2538,-85.3232,2020-01-22,0,0,0,0,Americas
"Prince Edward Island",Canada,46.5107,-63.4168,2020-01-22,0,0,0,0,Americas
Quebec,Canada,52.9399,-73.5491,2020-01-22,0,0,0,0,Americas
Saskatchewan,Canada,52.9399,-106.451,2020-01-22,0,0,0,0,Americas
,"Central African Republic",6.6111,20.9394,2020-01-22,0,0,0,0,Africa
,Chad,15.4542,18.7322,2020-01-22,0,0,0,0,Africa
,Chile,-35.6751,-71.543,2020-01-22,0,0,0,0,Americas
Anhui,China,31.8257,117.226,2020-01-22,1,0,0,1,"Western Pacific"
Beijing,China,40.1824,116.414,2020-01-22,14,0,0,14,"Western Pacific"
Chongqing,China,30.0572,107.874,2020-01-22,6,0,0,6,"Western Pacific"
Fujian,China,26.0789,117.987,2020-01-22,1,0,0,1,"Western Pacific"
Gansu,China,35.7518,104.286,2020-01-22,0,0,0,0,"Western Pacific"
Guangdong,China,23.3417,113.424,2020-01-22,26,0,0,26,"Western Pacific"
Guangxi,China,23.8298,108.788,2020-01-22,2,0,0,2,"Western Pacific"
Guizhou,China,26.8154,106.875,2020-01-22,1,0,0,1,"Western Pacific"
Hainan,China,19.1959,109.745,2020-01-22,4,0,0,4,"Western Pacific"
Hebei,China,39.549,116.131,2020-01-22,1,0,0,1,"Western Pacific"
Heilongjiang,China,47.862,127.761,2020-01-22,0,0,0,0,"Western Pacific"
Henan,China,37.8957,114.904,2020-01-22,5,0,0,5,"Western Pacific"
"Hong Kong",China,22.3,114.2,2020-01-22,0,0,0,0,"Western Pacific"
Hubei,China,30.9756,112.271,2020-01-22,444,17,28,399,"Western Pacific"
Hunan,China,27.6104,111.709,2020-01-22,4,0,0,4,"Western Pacific"
"Inner Mongolia",China,44.0935,113.945,2020-01-22,0,0,0,0,"Western Pacific"
Jiangsu,China,32.9711,119.455,2020-01-22,1,0,0,1,"Western Pacific"
Jiangxi,China,27.614,115.722,2020-01-22,2,0,0,2,"Western Pacific"
Jilin,China,43.6661,126.192,2020-01-22,0,0,0,0,"Western Pacific"
Liaoning,China,41.2956,122.608,2020-01-22,2,0,0,2,"Western Pacific"
Macau,China,22.1667,113.55,2020-01-22,1,0,0,1,"Western Pacific"
Ningxia,China,37.2692,106.165,2020-01-22,1,0,0,1,"Western Pacific"
Qinghai,China,35.7452,95.9956,2020-01-22,0,0,0,0,"Western Pacific"
Shaanxi,China,35.1917,108.87,2020-01-22,0,0,0,0,"Western Pacific"
Shandong,China,36.3427,118.15,2020-01-22,2,0,0,2,"Western Pacific"
Shanghai,China,31.202,121.449,2020-01-22,9,0,0,9,"Western Pacific"
Shanxi,China,37.5777,112.292,2020-01-22,1,0,0,1,"Western Pacific"
Sichuan,China,30.6171,102.71,2020-01-22,5,0,0,5,"Western Pacific"
Tianjin,China,39.3054,117.323,2020-01-22,4,0,0,4,"Western Pacific"
Tibet,China,31.6927,88.0924,2020-01-22,0,0,0,0,"Western Pacific"
Xinjiang,China,41.1129,85.2401,2020-01-22,0,0,0,0,"Western Pacific"
Yunnan,China,24.974,101.487,2020-01-22,1,0,0,1,"Western Pacific"
Zhejiang,China,29.1832,120.093,2020-01-22,10,0,0,10,"Western Pacific"
,Colombia,4.5709,-74.2973,2020-01-22,0,0,0,0,Americas
,"Congo (Brazzaville)",-0.228,15.8277,2020-01-22,0,0,0,0,Africa
,"Congo (Kinshasa)",-4.0383,21.7587,2020-01-22,0,0,0,0,Africa
,"Costa Rica",9.7489,-83.7534,2020-01-22,0,0,0,0,Americas
,"Cote d'Ivoire",7.54,-5.5471,2020-01-22,0,0,0,0,Africa
,Croatia,45.1,15.2,2020-01-22,0,0,0,0,Europe
,Cuba,21.5218,-77.7812,2020-01-22,0,0,0,0,Americas
,Cyprus,35.1264,33.4299,2020-01-22,0,0,0,0,Europe
,Czechia,49.8175,15.473,2020-01-22,0,0,0,0,Europe
"Faroe Islands",Denmark,61.8926,-6.9118,2020-01-22,0,0,0,0,Europe
Greenland,Greenland,71.7069,-42.6043,2020-01-22,0,0,0,0,Europe
,Denmark,56.2639,9.5018,2020-01-22,0,0,0,0,Europe
,Djibouti,11.8251,42.5903,2020-01-22,0,0,0,0,"Eastern Mediterranean"
,"Dominican Republic",18.7357,-70.1627,2020-01-22,0,0,0,0,Americas
,Ecuador,-1.8312,-78.1834,2020-01-22,0,0,0,0,Americas
,Egypt,26.8206,30.8025,2020-01-22,0,0,0,0,"Eastern Mediterranean"
,"El Salvador",13.7942,-88.8965,2020-01-22,0,0,0,0,Americas
,"Equatorial Guinea",1.6508,10.2679,2020-01-22,0,0,0,0,Africa
,Eritrea,15.1794,39.7823,2020-01-22,0,0,0,0,Africa
,Estonia,58.5953,25.0136,2020-01-22,0,0,0,0,Europe
,Eswatini,-26.5225,31.4659,2020-01-22,0,0,0,0,Africa
,Ethiopia,9.145,40.4897,2020-01-22,0,0,0,0,Africa
,Fiji,-17.7134,178.065,2020-01-22,0,0,0,0,"Western Pacific"
,Finland,61.9241,25.7482,2020-01-22,0,0,0,0,Europe
"French Guiana",France,3.9339,-53.1258,2020-01-22,0,0,0,0,Europe
"French Polynesia",France,-17.6797,149.407,2020-01-22,0,0,0,0,Europe
Guadeloupe,France,16.265,-61.551,2020-01-22,0,0,0,0,Europe
Mayotte,France,-12.8275,45.1662,2020-01-22,0,0,0,0,Europe
"New Caledonia",France,-20.9043,165.618,2020-01-22,0,0,0,0,Europe
Reunion,France,-21.1151,55.5364,2020-01-22,0,0,0,0,Europe
"Saint Barthelemy",France,17.9,-62.8333,2020-01-22,0,0,0,0,Europe
"St Martin",France,18.0708,-63.0501,2020-01-22,0,0,0,0,Europe
Martinique,France,14.6415,-61.0242,2020-01-22,0,0,0,0,Europe
,France,46.2276,2.2137,2020-01-22,0,0,0,0,Europe
,Gabon,-0.8037,11.6094,2020-01-22,0,0,0,0,Africa
,Gambia,13.4432,-15.3101,2020-01-22,0,0,0,0,Africa
,Georgia,42.3154,43.3569,2020-01-22,0,0,0,0,Europe
,Germany,51.1657,10.4515,2020-01-22,0,0,0,0,Europe
,Ghana,7.9465,-1.0232,2020-01-22,0,0,0,0,Africa
,Greece,39.0742,21.8243,2020-01-22,0,0,0,0,Europe
,Guatemala,15.7835,-90.2308,2020-01-22,0,0,0,0,Americas
,Guinea,9.9456,-9.6966,2020-01-22,0,0,0,0,Africa
,Guyana,4.86042,-58.9302,2020-01-22,0,0,0,0,Americas
,Haiti,18.9712,-72.2852,2020-01-22,0,0,0,0,Americas
,"Holy See",41.9029,12.4534,2020-01-22,0,0,0,0,Europe
,Honduras,15.2,-86.2419,2020-01-22,0,0,0,0,Americas
,Hungary,47.1625,19.5033,2020-01-22,0,0,0,0,Europe
,Iceland,64.9631,-19.0208,2020-01-22,0,0,0,0,Europe
,India,20.5937,78.9629,2020-01-22,0,0,0,0,"South-East Asia"
,Indonesia,-0.7893,113.921,2020-01-22,0,0,0,0,"South-East Asia"
,Iran,32.4279,53.688,2020-01-22,0,0,0,0,"Eastern Mediterranean"
,Iraq,33.2232,43.6793,2020-01-22,0,0,0,0,"Eastern Mediterranean"
,Ireland,53.1424,-7.6921,2020-01-22,0,0,0,0,Europe
,Israel,31.0461,34.8516,2020-01-22,0,0,0,0,Europe
,Italy,41.8719,12.5674,2020-01-22,0,0,0,0,Europe
,Jamaica,18.1096,-77.2975,2020-01-22,0,0,0,0,Americas
,Japan,36.2048,138.253,2020-01-22,2,0,0,2,"Western Pacific"
,Jordan,31.24,36.51,2020-01-22,0,0,0,0,"Eastern Mediterranean"
,Kazakhstan,48.0196,66.9237,2020-01-22,0,0,0,0,Europe
,Kenya,-0.0236,37.9062,2020-01-22,0,0,0,0,Africa
,"South Korea",35.9078,127.767,2020-01-22,1,0,0,1,"Western Pacific"
,Kuwait,29.3117,47.4818,2020-01-22,0,0,0,0,"Eastern Mediterranean"
,Kyrgyzstan,41.2044,74.7661,2020-01-22,0,0,0,0,Europe
,Latvia,56.8796,24.6032,2020-01-22,0,0,0,0,Europe
,Lebanon,33.8547,35.8623,2020-01-22,0,0,0,0,"Eastern Mediterranean"
,Liberia,6.42805,-9.4295,2020-01-22,0,0,0,0,Africa
,Liechtenstein,47.14,9.55,2020-01-22,0,0,0,0,Europe
,Lithuania,55.1694,23.8813,2020-01-22,0,0,0,0,Europe
,Luxembourg,49.8153,6.1296,2020-01-22,0,0,0,0,Europe
,Madagascar,-18.7669,46.8691,2020-01-22,0,0,0,0,Africa
,Malaysia,4.21048,101.976,2020-01-22,0,0,0,0,"Western Pacific"
,Maldives,3.2028,73.2207,2020-01-22,0,0,0,0,"South-East Asia"
,Malta,35.9375,14.3754,2020-01-22,0,0,0,0,Europe
,Mauritania,21.0079,-10.9408,2020-01-22,0,0,0,0,Africa
,Mauritius,-20.3484,57.5522,2020-01-22,0,0,0,0,Africa
,Mexico,23.6345,-102.553,2020-01-22,0,0,0,0,Americas
,Moldova,47.4116,28.3699,2020-01-22,0,0,0,0,Europe
,Monaco,43.7333,7.4167,2020-01-22,0,0,0,0,Europe
,Mongolia,46.8625,103.847,2020-01-22,0,0,0,0,"Western Pacific"
,Montenegro,42.7087,19.3744,2020-01-22,0,0,0,0,Europe
,Morocco,31.7917,-7.0926,2020-01-22,0,0,0,0,"Eastern Mediterranean"
,Namibia,-22.9576,18.4904,2020-01-22,0,0,0,0,Africa
,Nepal,28.1667,84.25,2020-01-22,0,0,0,0,"South-East Asia"
Aruba,Netherlands,12.5211,-69.9683,2020-01-22,0,0,0,0,Europe
Curacao,Netherlands,12.1696,-68.99,2020-01-22,0,0,0,0,Europe
"Sint Maarten",Netherlands,18.0425,-63.0548,2020-01-22,0,0,0,0,Europe
,Netherlands,52.1326,5.2913,2020-01-22,0,0,0,0,Europe
,"New Zealand",-40.9006,174.886,2020-01-22,0,0,0,0,"Western Pacific"
,Nicaragua,12.8654,-85.2072,2020-01-22,0,0,0,0,Americas
,Niger,17.6078,8.08167,2020-01-22,0,0,0,0,Africa
,Nigeria,9.082,8.6753,2020-01-22,0,0,0,0,Africa
,"North Macedonia",41.6086,21.7453,2020-01-22,0,0,0,0,Europe
,Norway,60.472,8.4689,2020-01-22,0,0,0,0,Europe
,Oman,21.5126,55.9233,2020-01-22,0,0,0,0,"Eastern Mediterranean"
,Pakistan,30.3753,69.3451,2020-01-22,0,0,0,0,"Eastern Mediterranean"
,Panama,8.538,-80.7821,2020-01-22,0,0,0,0,Americas
,"Papua New Guinea",-6.31499,143.956,2020-01-22,0,0,0,0,"Western Pacific"
,Paraguay,-23.4425,-58.4438,2020-01-22,0,0,0,0,Americas
,Peru,-9.19,-75.0152,2020-01-22,0,0,0,0,Americas
,Philippines,12.8797,121.774,2020-01-22,0,0,0,0,"Western Pacific"
,Poland,51.9194,19.1451,2020-01-22,0,0,0,0,Europe
,Portugal,39.3999,-8.2245,2020-01-22,0,0,0,0,Europe
,Qatar,25.3548,51.1839,2020-01-22,0,0,0,0,"Eastern Mediterranean"
,Romania,45.9432,24.9668,2020-01-22,0,0,0,0,Europe
,Russia,61.524,105.319,2020-01-22,0,0,0,0,Europe
,Rwanda,-1.9403,29.8739,2020-01-22,0,0,0,0,Africa
,"Saint Lucia",13.9094,-60.9789,2020-01-22,0,0,0,0,Americas
,"Saint Vincent and the Grenadines",12.9843,-61.2872,2020-01-22,0,0,0,0,Americas
,"San Marino",43.9424,12.4578,2020-01-22,0,0,0,0,Europe
,"Saudi Arabia",23.8859,45.0792,2020-01-22,0,0,0,0,"Eastern Mediterranean"
,Senegal,14.4974,-14.4524,2020-01-22,0,0,0,0,Africa
,Serbia,44.0165,21.0059,2020-01-22,0,0,0,0,Europe
,Seychelles,-4.6796,55.492,2020-01-22,0,0,0,0,Africa
,Singapore,1.2833,103.833,2020-01-22,0,0,0,0,"Western Pacific"
,Slovakia,48.669,19.699,2020-01-22,0,0,0,0,Europe
,Slovenia,46.1512,14.9955,2020-01-22,0,0,0,0,Europe
,Somalia,5.15215,46.1996,2020-01-22,0,0,0,0,"Eastern Mediterranean"
,"South Africa",-30.5595,22.9375,2020-01-22,0,0,0,0,Africa
,Spain,40.4637,-3.74922,2020-01-22,0,0,0,0,Europe
,"Sri Lanka",7.87305,80.7718,2020-01-22,0,0,0,0,"South-East Asia"
,Sudan,12.8628,30.2176,2020-01-22,0,0,0,0,"Eastern Mediterranean"
,Suriname,3.9193,-56.0278,2020-01-22,0,0,0,0,Americas
,Sweden,60.1282,18.6435,2020-01-22,0,0,0,0,Europe
,Switzerland,46.8182,8.2275,2020-01-22,0,0,0,0,Europe
,Taiwan*,23.7,121,2020-01-22,1,0,0,1,"Western Pacific"
,Tanzania,-6.36903,34.8888,2020-01-22,0,0,0,0,Africa
,Thailand,15.87,100.993,2020-01-22,2,0,0,2,"South-East Asia"
,Togo,8.6195,0.8248,2020-01-22,0,0,0,0,Africa
,"Trinidad and Tobago",10.6918,-61.2225,2020-01-22,0,0,0,0,Americas
,Tunisia,33.8869,9.5375,2020-01-22,0,0,0,0,"Eastern Mediterranean"
,Turkey,38.9637,35.2433,2020-01-22,0,0,0,0,Europe
,Uganda,1.37333,32.2903,2020-01-22,0,0,0,0,Africa
,Ukraine,48.3794,31.1656,2020-01-22,0,0,0,0,Europe
,"United Arab Emirates",23.4241,53.8478,2020-01-22,0,0,0,0,"Eastern Mediterranean"
Bermuda,"United Kingdom",32.3078,-64.7505,2020-01-22,0,0,0,0,Europe
"Cayman Islands","United Kingdom",19.3133,-81.2546,2020-01-22,0,0,0,0,Europe
"Channel Islands","United Kingdom",49.3723,-2.3644,2020-01-22,0,0,0,0,Europe
Gibraltar,"United Kingdom",36.1408,-5.3536,2020-01-22,0,0,0,0,Europe
"Isle of Man","United Kingdom",54.2361,-4.5481,2020-01-22,0,0,0,0,Europe
Montserrat,"United Kingdom",16.7425,-62.1874,2020-01-22,0,0,0,0,Europe
,"United Kingdom",55.3781,-3.436,2020-01-22,0,0,0,0,Europe
,Uruguay,-32.5228,-55.7658,2020-01-22,0,0,0,0,Americas
,US,40,-100,2020-01-22,1,0,0,1,Americas
,Uzbekistan,41.3775,64.5853,2020-01-22,0,0,0,0,Europe
,Venezuela,6.4238,-66.5897,2020-01-22,0,0,0,0,Americas
,Vietnam,14.0583,108.277,2020-01-22,0,0,0,0,"Western Pacific"
,Zambia,-13.1339,27.8493,2020-01-22,0,0,0,0,Africa
,Zimbabwe,-19.0154,29.1549,2020-01-22,0,0,0,0,Africa
,Dominica,15.415,-61.371,2020-01-22,0,0,0,0,Americas
,Grenada,12.1165,-61.679,2020-01-22,0,0,0,0,Americas
,Mozambique,-18.6657,35.5296,2020-01-22,0,0,0,0,Africa
,Syria,34.8021,38.9968,2020-01-22,0,0,0,0,"Eastern Mediterranean"
,Timor-Leste,-8.87422,125.728,2020-01-22,0,0,0,0,"South-East Asia"
,Belize,17.1899,-88.4976,2020-01-22,0,0,0,0,Americas
,Laos,19.8563,102.495,2020-01-22,0,0,0,0,"Western Pacific"
,Libya,26.3351,17.2283,2020-01-22,0,0,0,0,"Eastern Mediterranean"
,"West Bank and Gaza",31.9522,35.2332,2020-01-22,0,0,0,0,"Eastern Mediterranean"
,Guinea-Bissau,11.8037,-15.1804,2020-01-22,0,0,0,0,Africa
,Mali,17.5707,-3.99617,2020-01-22,0,0,0,0,Africa
,"Saint Kitts and Nevis",17.3578,-62.783,2020-01-22,0,0,0,0,Americas
"Northwest Territories",Canada,64.8255,-124.846,2020-01-22,0,0,0,0,Americas
Yukon,Canada,64.2823,-135,2020-01-22,0,0,0,0,Americas
,Kosovo,42.6026,20.903,2020-01-22,0,0,0,0,Europe
,Burma,21.9162,95.956,2020-01-22,0,0,0,0,"South-East Asia"
Anguilla,"United Kingdom",18.2206,-63.0686,2020-01-22,0,0,0,0,Europe
"British Virgin Islands","United Kingdom",18.4207,-64.64,2020-01-22,0,0,0,0,Europe
"Turks and Caicos Islands","United Kingdom",21.694,-71.7979,2020-01-22,0,0,0,0,Europe
,Botswana,-22.3285,24.6849,2020-01-22,0,0,0,0,Africa
,Burundi,-3.3731,29.9189,2020-01-22,0,0,0,0,Africa
,"Sierra Leone",8.46056,-11.7799,2020-01-22,0,0,0,0,Africa
,Malawi,-13.2543,34.3015,2020-01-22,0,0,0,0,Africa
"Falkland Islands (Malvinas)","United Kingdom",-51.7963,-59.5236,2020-01-22,0,0,0,0,Europe
"Saint Pierre and Miquelon",France,46.8852,-56.3159,2020-01-22,0,0,0,0,Europe
,"South Sudan",6.877,31.307,2020-01-22,0,0,0,0,Africa
,"Western Sahara",24.2155,-12.8858,2020-01-22,0,0,0,0,Africa
,"Sao Tome and Principe",0.1864,6.6131,2020-01-22,0,0,0,0,Africa
,Yemen,15.5527,48.5164,2020-01-22,0,0,0,0,"Eastern Mediterranean"
,Comoros,-11.6455,43.3333,2020-01-22,0,0,0,0,Africa
,Tajikistan,38.861,71.2761,2020-01-22,0,0,0,0,Europe
,Lesotho,-29.61,28.2336,2020-01-22,0,0,0,0,Africa
,Afghanistan,33.9391,67.71,2020-01-23,0,0,0,0,"Eastern Mediterranean"
,Albania,41.1533,20.1683,2020-01-23,0,0,0,0,Europe
,Algeria,28.0339,1.6596,2020-01-23,0,0,0,0,Africa
,Andorra,42.5063,1.5218,2020-01-23,0,0,0,0,Europe
,Angola,-11.2027,17.8739,2020-01-23,0,0,0,0,Africa
,"Antigua and Barbuda",17.0608,-61.7964,2020-01-23,0,0,0,0,Americas
,Argentina,-38.4161,-63.6167,2020-01-23,0,0,0,0,Americas
,Armenia,40.0691,45.0382,2020-01-23,0,0,0,0,Europe
"Australian Capital Territory",Australia,-35.4735,149.012,2020-01-23,0,0,0,0,"Western Pacific"
"New South Wales",Australia,-33.8688,151.209,2020-01-23,0,0,0,0,"Western Pacific"
"Northern Territory",Australia,-12.4634,130.846,2020-01-23,0,0,0,0,"Western Pacific"
Queensland,Australia,-27.4698,153.025,2020-01-23,0,0,0,0,"Western Pacific"
"South Australia",Australia,-34.9285,138.601,2020-01-23,0,0,0,0,"Western Pacific"
Tasmania,Australia,-42.8821,147.327,2020-01-23,0,0,0,0,"Western Pacific"
Victoria,Australia,-37.8136,144.963,2020-01-23,0,0,0,0,"Western Pacific"
"Western Australia",Australia,-31.9505,115.86,2020-01-23,0,0,0,0,"Western Pacific"
,Austria,47.5162,14.5501,2020-01-23,0,0,0,0,Europe
,Azerbaijan,40.1431,47.5769,2020-01-23,0,0,0,0,Europe
,Bahamas,25.0259,-78.0359,2020-01-23,0,0,0,0,Americas
,Bahrain,26.0275,50.55,2020-01-23,0,0,0,0,"Eastern Mediterranean"
,Bangladesh,23.685,90.3563,2020-01-23,0,0,0,0,"South-East Asia"
,Barbados,13.1939,-59.5432,2020-01-23,0,0,0,0,Americas
,Belarus,53.7098,27.9534,2020-01-23,0,0,0,0,Europe
,Belgium,50.8333,4.46994,2020-01-23,0,0,0,0,Europe
,Benin,9.3077,2.3158,2020-01-23,0,0,0,0,Africa
,Bhutan,27.5142,90.4336,2020-01-23,0,0,0,0,"South-East Asia"
,Bolivia,-16.2902,-63.5887,2020-01-23,0,0,0,0,Americas
,"Bosnia and Herzegovina",43.9159,17.6791,2020-01-23,0,0,0,0,Europe
,Brazil,-14.235,-51.9253,2020-01-23,0,0,0,0,Americas
,Brunei,4.5353,114.728,2020-01-23,0,0,0,0,"Western Pacific"
,Bulgaria,42.7339,25.4858,2020-01-23,0,0,0,0,Europe
,"Burkina Faso",12.2383,-1.5616,2020-01-23,0,0,0,0,Africa
,"Cabo Verde",16.5388,-23.0418,2020-01-23,0,0,0,0,Africa
,Cambodia,11.55,104.917,2020-01-23,0,0,0,0,"Western Pacific"
,Cameroon,3.848,11.5021,2020-01-23,0,0,0,0,Africa
Alberta,Canada,53.9333,-116.576,2020-01-23,0,0,0,0,Americas
"British Columbia",Canada,53.7267,-127.648,2020-01-23,0,0,0,0,Americas
Manitoba,Canada,53.7609,-98.8139,2020-01-23,0,0,0,0,Americas
"New Brunswick",Canada,46.5653,-66.4619,2020-01-23,0,0,0,0,Americas
"Newfoundland and Labrador",Canada,53.1355,-57.6604,2020-01-23,0,0,0,0,Americas
"Nova Scotia",Canada,44.682,-63.7443,2020-01-23,0,0,0,0,Americas
Ontario,Canada,51.2538,-85.3232,2020-01-23,0,0,0,0,Americas
"Prince Edward Island",Canada,46.5107,-63.4168,2020-01-23,0,0,0,0,Americas
Quebec,Canada,52.9399,-73.5491,2020-01-23,0,0,0,0,Americas
Saskatchewan,Canada,52.9399,-106.451,2020-01-23,0,0,0,0,Americas
,"Central African Republic",6.6111,20.9394,2020-01-23,0,0,0,0,Africa
,Chad,15.4542,18.7322,2020-01-23,0,0,0,0,Africa
,Chile,-35.6751,-71.543,2020-01-23,0,0,0,0,Americas
Anhui,China,31.8257,117.226,2020-01-23,9,0,0,9,"Western Pacific"
Beijing,China,40.1824,116.414,2020-01-23,22,0,0,22,"Western Pacific"
Chongqing,China,30.0572,107.874,2020-01-23,9,0,0,9,"Western Pacific"
Fujian,China,26.0789,117.987,2020-01-23,5,0,0,5,"Western Pacific"
Gansu,China,35.7518,104.286,2020-01-23,2,0,0,2,"Western Pacific"
Guangdong,China,23.3417,113.424,2020-01-23,32,0,2,30,"Western Pacific"
Guangxi,China,23.8298,108.788,2020-01-23,5,0,0,5,"Western Pacific"
Guizhou,China,26.8154,106.875,2020-01-23,3,0,0,3,"Western Pacific"
Hainan,China,19.1959,109.745,2020-01-23,5,0,0,5,"Western Pacific"
Hebei,China,39.549,116.131,2020-01-23,1,1,0,0,"Western Pacific"
Heilongjiang,China,47.862,127.761,2020-01-23,2,0,0,2,"Western Pacific"
Henan,China,37.8957,114.904,2020-01-23,5,0,0,5,"Western Pacific"
"Hong Kong",China,22.3,114.2,2020-01-23,2,0,0,2,"Western Pacific"
Hubei,China,30.9756,112.271,2020-01-23,444,17,28,399,"Western Pacific"
Hunan,China,27.6104,111.709,2020-01-23,9,0,0,9,"Western Pacific"
"Inner Mongolia",China,44.0935,113.945,2020-01-23,0,0,0,0,"Western Pacific"
Jiangsu,China,32.9711,119.455,2020-01-23,5,0,0,5,"Western Pacific"
Jiangxi,China,27.614,115.722,2020-01-23,7,0,0,7,"Western Pacific"
Jilin,China,43.6661,126.192,2020-01-23,1,0,0,1,"Western Pacific"
Liaoning,China,41.2956,122.608,2020-01-23,3,0,0,3,"Western Pacific"
Macau,China,22.1667,113.55,2020-01-23,2,0,0,2,"Western Pacific"
Ningxia,China,37.2692,106.165,2020-01-23,1,0,0,1,"Western Pacific"
Qinghai,China,35.7452,95.9956,2020-01-23,0,0,0,0,"Western Pacific"
Shaanxi,China,35.1917,108.87,2020-01-23,3,0,0,3,"Western Pacific"
Shandong,China,36.3427,118.15,2020-01-23,6,0,0,6,"Western Pacific"
Shanghai,China,31.202,121.449,2020-01-23,16,0,0,16,"Western Pacific"
Shanxi,China,37.5777,112.292,2020-01-23,1,0,0,1,"Western Pacific"
Sichuan,China,30.6171,102.71,2020-01-23,8,0,0,8,"Western Pacific"
Tianjin,China,39.3054,117.323,2020-01-23,4,0,0,4,"Western Pacific"
Tibet,China,31.6927,88.0924,2020-01-23,0,0,0,0,"Western Pacific"
Xinjiang,China,41.1129,85.2401,2020-01-23,2,0,0,2,"Western Pacific"
Yunnan,China,24.974,101.487,2020-01-23,2,0,0,2,"Western Pacific"
Zhejiang,China,29.1832,120.093,2020-01-23,27,0,0,27,"Western Pacific"
,Colombia,4.5709,-74.2973,2020-01-23,0,0,0,0,Americas
,"Congo (Brazzaville)",-0.228,15.8277,2020-01-23,0,0,0,0,Africa
,"Congo (Kinshasa)",-4.0383,21.7587,2020-01-23,0,0,0,0,Africa
,"Costa Rica",9.7489,-83.7534,2020-01-23,0,0,0,0,Americas
,"Cote d'Ivoire",7.54,-5.5471,2020-01-23,0,0,0,0,Africa
,Croatia,45.1,15.2,2020-01-23,0,0,0,0,Europe
,Cuba,21.5218,-77.7812,2020-01-23,0,0,0,0,Americas
,Cyprus,35.1264,33.4299,2020-01-23,0,0,0,0,Europe
,Czechia,49.8175,15.473,2020-01-23,0,0,0,0,Europe
"Faroe Islands",Denmark,61.8926,-6.9118,2020-01-23,0,0,0,0,Europe
Greenland,Greenland,71.7069,-42.6043,2020-01-23,0,0,0,0,Europe
,Denmark,56.2639,9.5018,2020-01-23,0,0,0,0,Europe
,Djibouti,11.8251,42.5903,2020-01-23,0,0,0,0,"Eastern Mediterranean"
,"Dominican Republic",18.7357,-70.1627,2020-01-23,0,0,0,0,Americas
,Ecuador,-1.8312,-78.1834,2020-01-23,0,0,0,0,Americas
,Egypt,26.8206,30.8025,2020-01-23,0,0,0,0,"Eastern Mediterranean"
,"El Salvador",13.7942,-88.8965,2020-01-23,0,0,0,0,Americas
,"Equatorial Guinea",1.6508,10.2679,2020-01-23,0,0,0,0,Africa
,Eritrea,15.1794,39.7823,2020-01-23,0,0,0,0,Africa
,Estonia,58.5953,25.0136,2020-01-23,0,0,0,0,Europe
,Eswatini,-26.5225,31.4659,2020-01-23,0,0,0,0,Africa
,Ethiopia,9.145,40.4897,2020-01-23,0,0,0,0,Africa
,Fiji,-17.7134,178.065,2020-01-23,0,0,0,0,"Western Pacific"
,Finland,61.9241,25.7482,2020-01-23,0,0,0,0,Europe
"French Guiana",France,3.9339,-53.1258,2020-01-23,0,0,0,0,Europe
"French Polynesia",France,-17.6797,149.407,2020-01-23,0,0,0,0,Europe
Guadeloupe,France,16.265,-61.551,2020-01-23,0,0,0,0,Europe
Mayotte,France,-12.8275,45.1662,2020-01-23,0,0,0,0,Europe
"New Caledonia",France,-20.9043,165.618,2020-01-23,0,0,0,0,Europe
Reunion,France,-21.1151,55.5364,2020-01-23,0,0,0,0,Europe
"Saint Barthelemy",France,17.9,-62.8333,2020-01-23,0,0,0,0,Europe
"St Martin",France,18.0708,-63.0501,2020-01-23,0,0,0,0,Europe
Martinique,France,14.6415,-61.0242,2020-01-23,0,0,0,0,Europe
,France,46.2276,2.2137,2020-01-23,0,0,0,0,Europe
,Gabon,-0.8037,11.6094,2020-01-23,0,0,0,0,Africa
,Gambia,13.4432,-15.3101,2020-01-23,0,0,0,0,Africa
,Georgia,42.3154,43.3569,2020-01-23,0,0,0,0,Europe
,Germany,51.1657,10.4515,2020-01-23,0,0,0,0,Europe
,Ghana,7.9465,-1.0232,2020-01-23,0,0,0,0,Africa
,Greece,39.0742,21.8243,2020-01-23,0,0,0,0,Europe
,Guatemala,15.7835,-90.2308,2020-01-23,0,0,0,0,Americas
,Guinea,9.9456,-9.6966,2020-01-23,0,0,0,0,Africa
,Guyana,4.86042,-58.9302,2020-01-23,0,0,0,0,Americas
,Haiti,18.9712,-72.2852,2020-01-23,0,0,0,0,Americas
,"Holy See",41.9029,12.4534,2020-01-23,0,0,0,0,Europe
,Honduras,15.2,-86.2419,2020-01-23,0,0,0,0,Americas
,Hungary,47.1625,19.5033,2020-01-23,0,0,0,0,Europe
,Iceland,64.9631,-19.0208,2020-01-23,0,0,0,0,Europe
,India,20.5937,78.9629,2020-01-23,0,0,0,0,"South-East Asia"
,Indonesia,-0.7893,113.921,2020-01-23,0,0,0,0,"South-East Asia"
,Iran,32.4279,53.688,2020-01-23,0,0,0,0,"Eastern Mediterranean"
,Iraq,33.2232,43.6793,2020-01-23,0,0,0,0,"Eastern Mediterranean"
,Ireland,53.1424,-7.6921,2020-01-23,0,0,0,0,Europe
,Israel,31.0461,34.8516,2020-01-23,0,0,0,0,Europe
,Italy,41.8719,12.5674,2020-01-23,0,0,0,0,Europe
,Jamaica,18.1096,-77.2975,2020-01-23,0,0,0,0,Americas
,Japan,36.2048,138.253,2020-01-23,2,0,0,2,"Western Pacific"
,Jordan,31.24,36.51,2020-01-23,0,0,0,0,"Eastern Mediterranean"
,Kazakhstan,48.0196,66.9237,2020-01-23,0,0,0,0,Europe
,Kenya,-0.0236,37.9062,2020-01-23,0,0,0,0,Africa
,"South Korea",35.9078,127.767,2020-01-23,1,0,0,1,"Western Pacific"
,Kuwait,29.3117,47.4818,2020-01-23,0,0,0,0,"Eastern Mediterranean"
,Kyrgyzstan,41.2044,74.7661,2020-01-23,0,0,0,0,Europe
,Latvia,56.8796,24.6032,2020-01-23,0,0,0,0,Europe
,Lebanon,33.8547,35.8623,2020-01-23,0,0,0,0,"Eastern Mediterranean"
,Liberia,6.42805,-9.4295,2020-01-23,0,0,0,0,Africa
,Liechtenstein,47.14,9.55,2020-01-23,0,0,0,0,Europe
,Lithuania,55.1694,23.8813,2020-01-23,0,0,0,0,Europe
,Luxembourg,49.8153,6.1296,2020-01-23,0,0,0,0,Europe
,Madagascar,-18.7669,46.8691,2020-01-23,0,0,0,0,Africa
,Malaysia,4.21048,101.976,2020-01-23,0,0,0,0,"Western Pacific"
,Maldives,3.2028,73.2207,2020-01-23,0,0,0,0,"South-East Asia"
,Malta,35.9375,14.3754,2020-01-23,0,0,0,0,Europe
,Mauritania,21.0079,-10.9408,2020-01-23,0,0,0,0,Africa
,Mauritius,-20.3484,57.5522,2020-01-23,0,0,0,0,Africa
,Mexico,23.6345,-102.553,2020-01-23,0,0,0,0,Americas
,Moldova,47.4116,28.3699,2020-01-23,0,0,0,0,Europe
,Monaco,43.7333,7.4167,2020-01-23,0,0,0,0,Europe
,Mongolia,46.8625,103.847,2020-01-23,0,0,0,0,"Western Pacific"
,Montenegro,42.7087,19.3744,2020-01-23,0,0,0,0,Europe
,Morocco,31.7917,-7.0926,2020-01-23,0,0,0,0,"Eastern Mediterranean"
,Namibia,-22.9576,18.4904,2020-01-23,0,0,0,0,Africa
,Nepal,28.1667,84.25,2020-01-23,0,0,0,0,"South-East Asia"
Aruba,Netherlands,12.5211,-69.9683,2020-01-23,0,0,0,0,Europe
Curacao,Netherlands,12.1696,-68.99,2020-01-23,0,0,0,0,Europe
"Sint Maarten",Netherlands,18.0425,-63.0548,2020-01-23,0,0,0,0,Europe
,Netherlands,52.1326,5.2913,2020-01-23,0,0,0,0,Europe
,"New Zealand",-40.9006,174.886,2020-01-23,0,0,0,0,"Western Pacific"
,Nicaragua,12.8654,-85.2072,2020-01-23,0,0,0,0,Americas
,Niger,17.6078,8.08167,2020-01-23,0,0,0,0,Africa
,Nigeria,9.082,8.6753,2020-01-23,0,0,0,0,Africa
,"North Macedonia",41.6086,21.7453,2020-01-23,0,0,0,0,Europe
,Norway,60.472,8.4689,2020-01-23,0,0,0,0,Europe
,Oman,21.5126,55.9233,2020-01-23,0,0,0,0,"Eastern Mediterranean"
,Pakistan,30.3753,69.3451,2020-01-23,0,0,0,0,"Eastern Mediterranean"
,Panama,8.538,-80.7821,2020-01-23,0,0,0,0,Americas
,"Papua New Guinea",-6.31499,143.956,2020-01-23,0,0,0,0,"Western Pacific"
,Paraguay,-23.4425,-58.4438,2020-01-23,0,0,0,0,Americas
,Peru,-9.19,-75.0152,2020-01-23,0,0,0,0,Americas
,Philippines,12.8797,121.774,2020-01-23,0,0,0,0,"Western Pacific"
,Poland,51.9194,19.1451,2020-01-23,0,0,0,0,Europe
,Portugal,39.3999,-8.2245,2020-01-23,0,0,0,0,Europe
,Qatar,25.3548,51.1839,2020-01-23,0,0,0,0,"Eastern Mediterranean"
,Romania,45.9432,24.9668,2020-01-23,0,0,0,0,Europe
,Russia,61.524,105.319,2020-01-23,0,0,0,0,Europe
,Rwanda,-1.9403,29.8739,2020-01-23,0,0,0,0,Africa
,"Saint Lucia",13.9094,-60.9789,2020-01-23,0,0,0,0,Americas
,"Saint Vincent and the Grenadines",12.9843,-61.2872,2020-01-23,0,0,0,0,Americas
,"San Marino",43.9424,12.4578,2020-01-23,0,0,0,0,Europe
,"Saudi Arabia",23.8859,45.0792,2020-01-23,0,0,0,0,"Eastern Mediterranean"
,Senegal,14.4974,-14.4524,2020-01-23,0,0,0,0,Africa
,Serbia,44.0165,21.0059,2020-01-23,0,0,0,0,Europe
,Seychelles,-4.6796,55.492,2020-01-23,0,0,0,0,Africa
,Singapore,1.2833,103.833,2020-01-23,1,0,0,1,"Western Pacific"
,Slovakia,48.669,19.699,2020-01-23,0,0,0,0,Europe
,Slovenia,46.1512,14.9955,2020-01-23,0,0,0,0,Europe
,Somalia,5.15215,46.1996,2020-01-23,0,0,0,0,"Eastern Mediterranean"
,"South Africa",-30.5595,22.9375,2020-01-23,0,0,0,0,Africa
,Spain,40.4637,-3.74922,2020-01-23,0,0,0,0,Europe
,"Sri Lanka",7.87305,80.7718,2020-01-23,0,0,0,0,"South-East Asia"
,Sudan,12.8628,30.2176,2020-01-23,0,0,0,0,"Eastern Mediterranean"
,Suriname,3.9193,-56.0278,2020-01-23,0,0,0,0,Americas
,Sweden,60.1282,18.6435,2020-01-23,0,0,0,0,Europe
,Switzerland,46.8182,8.2275,2020-01-23,0,0,0,0,Europe
,Taiwan*,23.7,121,2020-01-23,1,0,0,1,"Western Pacific"
,Tanzania,-6.36903,34.8888,2020-01-23,0,0,0,0,Africa
,Thailand,15.87,100.993,2020-01-23,3,0,0,3,"South-East Asia"
,Togo,8.6195,0.8248,2020-01-23,0,0,0,0,Africa
,"Trinidad and Tobago",10.6918,-61.2225,2020-01-23,0,0,0,0,Americas
,Tunisia,33.8869,9.5375,2020-01-23,0,0,0,0,"Eastern Mediterranean"
,Turkey,38.9637,35.2433,2020-01-23,0,0,0,0,Europe
,Uganda,1.37333,32.2903,2020-01-23,0,0,0,0,Africa
,Ukraine,48.3794,31.1656,2020-01-23,0,0,0,0,Europe
,"United Arab Emirates",23.4241,53.8478,2020-01-23,0,0,0,0,"Eastern Mediterranean"
Bermuda,"United Kingdom",32.3078,-64.7505,2020-01-23,0,0,0,0,Europe
"Cayman Islands","United Kingdom",19.3133,-81.2546,2020-01-23,0,0,0,0,Europe
"Channel Islands","United Kingdom",49.3723,-2.3644,2020-01-23,0,0,0,0,Europe
Gibraltar,"United Kingdom",36.1408,-5.3536,2020-01-23,0,0,0,0,Europe
"Isle of Man","United Kingdom",54.2361,-4.5481,2020-01-23,0,0,0,0,Europe
Montserrat,"United Kingdom",16.7425,-62.1874,2020-01-23,0,0,0,0,Europe
,"United Kingdom",55.3781,-3.436,2020-01-23,0,0,0,0,Europe
,Uruguay,-32.5228,-55.7658,2020-01-23,0,0,0,0,Americas
,US,40,-100,2020-01-23,1,0,0,1,Americas
,Uzbekistan,41.3775,64.5853,2020-01-23,0,0,0,0,Europe
,Venezuela,6.4238,-66.5897,2020-01-23,0,0,0,0,Americas
,Vietnam,14.0583,108.277,2020-01-23,2,0,0,2,"Western Pacific"
,Zambia,-13.1339,27.8493,2020-01-23,0,0,0,0,Africa
,Zimbabwe,-19.0154,29.1549,2020-01-23,0,0,0,0,Africa
,Dominica,15.415,-61.371,2020-01-23,0,0,0,0,Americas
,Grenada,12.1165,-61.679,2020-01-23,0,0,0,0,Americas
,Mozambique,-18.6657,35.5296,2020-01-23,0,0,0,0,Africa
,Syria,34.8021,38.9968,2020-01-23,0,0,0,0,"Eastern Mediterranean"
,Timor-Leste,-8.87422,125.728,2020-01-23,0,0,0,0,"South-East Asia"
,Belize,17.1899,-88.4976,2020-01-23,0,0,0,0,Americas
,Laos,19.8563,102.495,2020-01-23,0,0,0,0,"Western Pacific"
,Libya,26.3351,17.2283,2020-01-23,0,0,0,0,"Eastern Mediterranean"
,"West Bank and Gaza",31.9522,35.2332,2020-01-23,0,0,0,0,"Eastern Mediterranean"
,Guinea-Bissau,11.8037,-15.1804,2020-01-23,0,0,0,0,Africa
,Mali,17.5707,-3.99617,2020-01-23,0,0,0,0,Africa
,"Saint Kitts and Nevis",17.3578,-62.783,2020-01-23,0,0,0,0,Americas
"Northwest Territories",Canada,64.8255,-124.846,2020-01-23,0,0,0,0,Americas
Yukon,Canada,64.2823,-135,2020-01-23,0,0,0,0,Americas
,Kosovo,42.6026,20.903,2020-01-23,0,0,0,0,Europe
,Burma,21.9162,95.956,2020-01-23,0,0,0,0,"South-East Asia"
Anguilla,"United Kingdom",18.2206,-63.0686,2020-01-23,0,0,0,0,Europe
"British Virgin Islands","United Kingdom",18.4207,-64.64,2020-01-23,0,0,0,0,Europe
"Turks and Caicos Islands","United Kingdom",21.694,-71.7979,2020-01-23,0,0,0,0,Europe
,Botswana,-22.3285,24.6849,2020-01-23,0,0,0,0,Africa
,Burundi,-3.3731,29.9189,2020-01-23,0,0,0,0,Africa
,"Sierra Leone",8.46056,-11.7799,2020-01-23,0,0,0,0,Africa
,Malawi,-13.2543,34.3015,2020-01-23,0,0,0,0,Africa
"Falkland Islands (Malvinas)","United Kingdom",-51.7963,-59.5236,2020-01-23,0,0,0,0,Europe
"Saint Pierre and Miquelon",France,46.8852,-56.3159,2020-01-23,0,0,0,0,Europe
,"South Sudan",6.877,31.307,2020-01-23,0,0,0,0,Africa
,"Western Sahara",24.2155,-12.8858,2020-01-23,0,0,0,0,Africa
,"Sao Tome and Principe",0.1864,6.6131,2020-01-23,0,0,0,0,Africa
,Yemen,15.5527,48.5164,2020-01-23,0,0,0,0,"Eastern Mediterranean"
,Comoros,-11.6455,43.3333,2020-01-23,0,0,0,0,Africa
,Tajikistan,38.861,71.2761,2020-01-23,0,0,0,0,Europe
,Lesotho,-29.61,28.2336,2020-01-23,0,0,0,0,Africa
,Afghanistan,33.9391,67.71,2020-01-24,0,0,0,0,"Eastern Mediterranean"
,Albania,41.1533,20.1683,2020-01-24,0,0,0,0,Europe
,Algeria,28.0339,1.6596,2020-01-24,0,0,0,0,Africa
,Andorra,42.5063,1.5218,2020-01-24,0,0,0,0,Europe
,Angola,-11.2027,17.8739,2020-01-24,0,0,0,0,Africa
,"Antigua and Barbuda",17.0608,-61.7964,2020-01-24,0,0,0,0,Americas
,Argentina,-38.4161,-63.6167,2020-01-24,0,0,0,0,Americas
,Armenia,40.0691,45.0382,2020-01-24,0,0,0,0,Europe
"Australian Capital Territory",Australia,-35.4735,149.012,2020-01-24,0,0,0,0,"Western Pacific"
"New South Wales",Australia,-33.8688,151.209,2020-01-24,0,0,0,0,"Western Pacific"
"Northern Territory",Australia,-12.4634,130.846,2020-01-24,0,0,0,0,"Western Pacific"
Queensland,Australia,-27.4698,153.025,2020-01-24,0,0,0,0,"Western Pacific"
"South Australia",Australia,-34.9285,138.601,2020-01-24,0,0,0,0,"Western Pacific"
Tasmania,Australia,-42.8821,147.327,2020-01-24,0,0,0,0,"Western Pacific"
Victoria,Australia,-37.8136,144.963,2020-01-24,0,0,0,0,"Western Pacific"
"Western Australia",Australia,-31.9505,115.86,2020-01-24,0,0,0,0,"Western Pacific"
,Austria,47.5162,14.5501,2020-01-24,0,0,0,0,Europe
,Azerbaijan,40.1431,47.5769,2020-01-24,0,0,0,0,Europe
,Bahamas,25.0259,-78.0359,2020-01-24,0,0,0,0,Americas
,Bahrain,26.0275,50.55,2020-01-24,0,0,0,0,"Eastern Mediterranean"
,Bangladesh,23.685,90.3563,2020-01-24,0,0,0,0,"South-East Asia"
,Barbados,13.1939,-59.5432,2020-01-24,0,0,0,0,Americas
,Belarus,53.7098,27.9534,2020-01-24,0,0,0,0,Europe
,Belgium,50.8333,4.46994,2020-01-24,0,0,0,0,Europe
,Benin,9.3077,2.3158,2020-01-24,0,0,0,0,Africa
,Bhutan,27.5142,90.4336,2020-01-24,0,0,0,0,"South-East Asia"
,Bolivia,-16.2902,-63.5887,2020-01-24,0,0,0,0,Americas
,"Bosnia and Herzegovina",43.9159,17.6791,2020-01-24,0,0,0,0,Europe
,Brazil,-14.235,-51.9253,2020-01-24,0,0,0,0,Americas
,Brunei,4.5353,114.728,2020-01-24,0,0,0,0,"Western Pacific"
,Bulgaria,42.7339,25.4858,2020-01-24,0,0,0,0,Europe
,"Burkina Faso",12.2383,-1.5616,2020-01-24,0,0,0,0,Africa
,"Cabo Verde",16.5388,-23.0418,2020-01-24,0,0,0,0,Africa
,Cambodia,11.55,104.917,2020-01-24,0,0,0,0,"Western Pacific"
,Cameroon,3.848,11.5021,2020-01-24,0,0,0,0,Africa
Alberta,Canada,53.9333,-116.576,2020-01-24,0,0,0,0,Americas
"British Columbia",Canada,53.7267,-127.648,2020-01-24,0,0,0,0,Americas
Manitoba,Canada,53.7609,-98.8139,2020-01-24,0,0,0,0,Americas
"New Brunswick",Canada,46.5653,-66.4619,2020-01-24,0,0,0,0,Americas
"Newfoundland and Labrador",Canada,53.1355,-57.6604,2020-01-24,0,0,0,0,Americas
"Nova Scotia",Canada,44.682,-63.7443,2020-01-24,0,0,0,0,Americas
Ontario,Canada,51.2538,-85.3232,2020-01-24,0,0,0,0,Americas
"Prince Edward Island",Canada,46.5107,-63.4168,2020-01-24,0,0,0,0,Americas
Quebec,Canada,52.9399,-73.5491,2020-01-24,0,0,0,0,Americas
Saskatchewan,Canada,52.9399,-106.451,2020-01-24,0,0,0,0,Americas
,"Central African Republic",6.6111,20.9394,2020-01-24,0,0,0,0,Africa
,Chad,15.4542,18.7322,2020-01-24,0,0,0,0,Africa
,Chile,-35.6751,-71.543,2020-01-24,0,0,0,0,Americas
Anhui,China,31.8257,117.226,2020-01-24,15,0,0,15,"Western Pacific"
Beijing,China,40.1824,116.414,2020-01-24,36,0,1,35,"Western Pacific"
Chongqing,China,30.0572,107.874,2020-01-24,27,0,0,27,"Western Pacific"
Fujian,China,26.0789,117.987,2020-01-24,10,0,0,10,"Western Pacific"
Gansu,China,35.7518,104.286,2020-01-24,2,0,0,2,"Western Pacific"
Guangdong,China,23.3417,113.424,2020-01-24,53,0,2,51,"Western Pacific"
Guangxi,China,23.8298,108.788,2020-01-24,23,0,0,23,"Western Pacific"
Guizhou,China,26.8154,106.875,2020-01-24,3,0,0,3,"Western Pacific"
Hainan,China,19.1959,109.745,2020-01-24,8,0,0,8,"Western Pacific"
Hebei,China,39.549,116.131,2020-01-24,2,1,0,1,"Western Pacific"
Heilongjiang,China,47.862,127.761,2020-01-24,4,1,0,3,"Western Pacific"
Henan,China,37.8957,114.904,2020-01-24,9,0,0,9,"Western Pacific"
"Hong Kong",China,22.3,114.2,2020-01-24,2,0,0,2,"Western Pacific"
Hubei,China,30.9756,112.271,2020-01-24,549,24,31,494,"Western Pacific"
Hunan,China,27.6104,111.709,2020-01-24,24,0,0,24,"Western Pacific"
"Inner Mongolia",China,44.0935,113.945,2020-01-24,1,0,0,1,"Western Pacific"
Jiangsu,China,32.9711,119.455,2020-01-24,9,0,0,9,"Western Pacific"
Jiangxi,China,27.614,115.722,2020-01-24,18,0,0,18,"Western Pacific"
Jilin,China,43.6661,126.192,2020-01-24,3,0,0,3,"Western Pacific"
Liaoning,China,41.2956,122.608,2020-01-24,4,0,0,4,"Western Pacific"
Macau,China,22.1667,113.55,2020-01-24,2,0,0,2,"Western Pacific"
Ningxia,China,37.2692,106.165,2020-01-24,2,0,0,2,"Western Pacific"
Qinghai,China,35.7452,95.9956,2020-01-24,0,0,0,0,"Western Pacific"
Shaanxi,China,35.1917,108.87,2020-01-24,5,0,0,5,"Western Pacific"
Shandong,China,36.3427,118.15,2020-01-24,15,0,0,15,"Western Pacific"
Shanghai,China,31.202,121.449,2020-01-24,20,0,1,19,"Western Pacific"
Shanxi,China,37.5777,112.292,2020-01-24,1,0,0,1,"Western Pacific"
Sichuan,China,30.6171,102.71,2020-01-24,15,0,0,15,"Western Pacific"
Tianjin,China,39.3054,117.323,2020-01-24,8,0,0,8,"Western Pacific"
Tibet,China,31.6927,88.0924,2020-01-24,0,0,0,0,"Western Pacific"
Xinjiang,China,41.1129,85.2401,2020-01-24,2,0,0,2,"Western Pacific"
Yunnan,China,24.974,101.487,2020-01-24,5,0,0,5,"Western Pacific"
Zhejiang,China,29.1832,120.093,2020-01-24,43,0,1,42,"Western Pacific"
,Colombia,4.5709,-74.2973,2020-01-24,0,0,0,0,Americas
,"Congo (Brazzaville)",-0.228,15.8277,2020-01-24,0,0,0,0,Africa
,"Congo (Kinshasa)",-4.0383,21.7587,2020-01-24,0,0,0,0,Africa
,"Costa Rica",9.7489,-83.7534,2020-01-24,0,0,0,0,Americas
,"Cote d'Ivoire",7.54,-5.5471,2020-01-24,0,0,0,0,Africa
,Croatia,45.1,15.2,2020-01-24,0,0,0,0,Europe
,Cuba,21.5218,-77.7812,2020-01-24,0,0,0,0,Americas
,Cyprus,35.1264,33.4299,2020-01-24,0,0,0,0,Europe
,Czechia,49.8175,15.473,2020-01-24,0,0,0,0,Europe
"Faroe Islands",Denmark,61.8926,-6.9118,2020-01-24,0,0,0,0,Europe
Greenland,Greenland,71.7069,-42.6043,2020-01-24,0,0,0,0,Europe
,Denmark,56.2639,9.5018,2020-01-24,0,0,0,0,Europe
,Djibouti,11.8251,42.5903,2020-01-24,0,0,0,0,"Eastern Mediterranean"
,"Dominican Republic",18.7357,-70.1627,2020-01-24,0,0,0,0,Americas
,Ecuador,-1.8312,-78.1834,2020-01-24,0,0,0,0,Americas
,Egypt,26.8206,30.8025,2020-01-24,0,0,0,0,"Eastern Mediterranean"
,"El Salvador",13.7942,-88.8965,2020-01-24,0,0,0,0,Americas
,"Equatorial Guinea",1.6508,10.2679,2020-01-24,0,0,0,0,Africa
,Eritrea,15.1794,39.7823,2020-01-24,0,0,0,0,Africa
,Estonia,58.5953,25.0136,2020-01-24,0,0,0,0,Europe
,Eswatini,-26.5225,31.4659,2020-01-24,0,0,0,0,Africa
,Ethiopia,9.145,40.4897,2020-01-24,0,0,0,0,Africa
,Fiji,-17.7134,178.065,2020-01-24,0,0,0,0,"Western Pacific"
,Finland,61.9241,25.7482,2020-01-24,0,0,0,0,Europe
"French Guiana",France,3.9339,-53.1258,2020-01-24,0,0,0,0,Europe
"French Polynesia",France,-17.6797,149.407,2020-01-24,0,0,0,0,Europe
Guadeloupe,France,16.265,-61.551,2020-01-24,0,0,0,0,Europe
Mayotte,France,-12.8275,45.1662,2020-01-24,0,0,0,0,Europe
"New Caledonia",France,-20.9043,165.618,2020-01-24,0,0,0,0,Europe
Reunion,France,-21.1151,55.5364,2020-01-24,0,0,0,0,Europe
"Saint Barthelemy",France,17.9,-62.8333,2020-01-24,0,0,0,0,Europe
"St Martin",France,18.0708,-63.0501,2020-01-24,0,0,0,0,Europe
Martinique,France,14.6415,-61.0242,2020-01-24,0,0,0,0,Europe
,France,46.2276,2.2137,2020-01-24,2,0,0,2,Europe
,Gabon,-0.8037,11.6094,2020-01-24,0,0,0,0,Africa
,Gambia,13.4432,-15.3101,2020-01-24,0,0,0,0,Africa
,Georgia,42.3154,43.3569,2020-01-24,0,0,0,0,Europe
,Germany,51.1657,10.4515,2020-01-24,0,0,0,0,Europe
,Ghana,7.9465,-1.0232,2020-01-24,0,0,0,0,Africa
,Greece,39.0742,21.8243,2020-01-24,0,0,0,0,Europe
,Guatemala,15.7835,-90.2308,2020-01-24,0,0,0,0,Americas
,Guinea,9.9456,-9.6966,2020-01-24,0,0,0,0,Africa
,Guyana,4.86042,-58.9302,2020-01-24,0,0,0,0,Americas
,Haiti,18.9712,-72.2852,2020-01-24,0,0,0,0,Americas
,"Holy See",41.9029,12.4534,2020-01-24,0,0,0,0,Europe
,Honduras,15.2,-86.2419,2020-01-24,0,0,0,0,Americas
,Hungary,47.1625,19.5033,2020-01-24,0,0,0,0,Europe
,Iceland,64.9631,-19.0208,2020-01-24,0,0,0,0,Europe
,India,20.5937,78.9629,2020-01-24,0,0,0,0,"South-East Asia"
,Indonesia,-0.7893,113.921,2020-01-24,0,0,0,0,"South-East Asia"
,Iran,32.4279,53.688,2020-01-24,0,0,0,0,"Eastern Mediterranean"
,Iraq,33.2232,43.6793,2020-01-24,0,0,0,0,"Eastern Mediterranean"
,Ireland,53.1424,-7.6921,2020-01-24,0,0,0,0,Europe
,Israel,31.0461,34.8516,2020-01-24,0,0,0,0,Europe
,Italy,41.8719,12.5674,2020-01-24,0,0,0,0,Europe
,Jamaica,18.1096,-77.2975,2020-01-24,0,0,0,0,Americas
,Japan,36.2048,138.253,2020-01-24,2,0,0,2,"Western Pacific"
,Jordan,31.24,36.51,2020-01-24,0,0,0,0,"Eastern Mediterranean"
,Kazakhstan,48.0196,66.9237,2020-01-24,0,0,0,0,Europe
,Kenya,-0.0236,37.9062,2020-01-24,0,0,0,0,Africa
,"South Korea",35.9078,127.767,2020-01-24,2,0,0,2,"Western Pacific"
,Kuwait,29.3117,47.4818,2020-01-24,0,0,0,0,"Eastern Mediterranean"
,Kyrgyzstan,41.2044,74.7661,2020-01-24,0,0,0,0,Europe
,Latvia,56.8796,24.6032,2020-01-24,0,0,0,0,Europe
,Lebanon,33.8547,35.8623,2020-01-24,0,0,0,0,"Eastern Mediterranean"
,Liberia,6.42805,-9.4295,2020-01-24,0,0,0,0,Africa
,Liechtenstein,47.14,9.55,2020-01-24,0,0,0,0,Europe
,Lithuania,55.1694,23.8813,2020-01-24,0,0,0,0,Europe
,Luxembourg,49.8153,6.1296,2020-01-24,0,0,0,0,Europe
,Madagascar,-18.7669,46.8691,2020-01-24,0,0,0,0,Africa
,Malaysia,4.21048,101.976,2020-01-24,0,0,0,0,"Western Pacific"
,Maldives,3.2028,73.2207,2020-01-24,0,0,0,0,"South-East Asia"
,Malta,35.9375,14.3754,2020-01-24,0,0,0,0,Europe
,Mauritania,21.0079,-10.9408,2020-01-24,0,0,0,0,Africa
,Mauritius,-20.3484,57.5522,2020-01-24,0,0,0,0,Africa
,Mexico,23.6345,-102.553,2020-01-24,0,0,0,0,Americas
,Moldova,47.4116,28.3699,2020-01-24,0,0,0,0,Europe
,Monaco,43.7333,7.4167,2020-01-24,0,0,0,0,Europe
,Mongolia,46.8625,103.847,2020-01-24,0,0,0,0,"Western Pacific"
,Montenegro,42.7087,19.3744,2020-01-24,0,0,0,0,Europe
,Morocco,31.7917,-7.0926,2020-01-24,0,0,0,0,"Eastern Mediterranean"
,Namibia,-22.9576,18.4904,2020-01-24,0,0,0,0,Africa
,Nepal,28.1667,84.25,2020-01-24,0,0,0,0,"South-East Asia"
Aruba,Netherlands,12.5211,-69.9683,2020-01-24,0,0,0,0,Europe
Curacao,Netherlands,12.1696,-68.99,2020-01-24,0,0,0,0,Europe
"Sint Maarten",Netherlands,18.0425,-63.0548,2020-01-24,0,0,0,0,Europe
,Netherlands,52.1326,5.2913,2020-01-24,0,0,0,0,Europe
,"New Zealand",-40.9006,174.886,2020-01-24,0,0,0,0,"Western Pacific"
,Nicaragua,12.8654,-85.2072,2020-01-24,0,0,0,0,Americas
,Niger,17.6078,8.08167,2020-01-24,0,0,0,0,Africa
,Nigeria,9.082,8.6753,2020-01-24,0,0,0,0,Africa
,"North Macedonia",41.6086,21.7453,2020-01-24,0,0,0,0,Europe
,Norway,60.472,8.4689,2020-01-24,0,0,0,0,Europe
,Oman,21.5126,55.9233,2020-01-24,0,0,0,0,"Eastern Mediterranean"
,Pakistan,30.3753,69.3451,2020-01-24,0,0,0,0,"Eastern Mediterranean"
,Panama,8.538,-80.7821,2020-01-24,0,0,0,0,Americas
,"Papua New Guinea",-6.31499,143.956,2020-01-24,0,0,0,0,"Western Pacific"
,Paraguay,-23.4425,-58.4438,2020-01-24,0,0,0,0,Americas
,Peru,-9.19,-75.0152,2020-01-24,0,0,0,0,Americas
,Philippines,12.8797,121.774,2020-01-24,0,0,0,0,"Western Pacific"
,Poland,51.9194,19.1451,2020-01-24,0,0,0,0,Europe
,Portugal,39.3999,-8.2245,2020-01-24,0,0,0,0,Europe
,Qatar,25.3548,51.1839,2020-01-24,0,0,0,0,"Eastern Mediterranean"
,Romania,45.9432,24.9668,2020-01-24,0,0,0,0,Europe
,Russia,61.524,105.319,2020-01-24,0,0,0,0,Europe
,Rwanda,-1.9403,29.8739,2020-01-24,0,0,0,0,Africa
,"Saint Lucia",13.9094,-60.9789,2020-01-24,0,0,0,0,Americas
,"Saint Vincent and the Grenadines",12.9843,-61.2872,2020-01-24,0,0,0,0,Americas
,"San Marino",43.9424,12.4578,2020-01-24,0,0,0,0,Europe
,"Saudi Arabia",23.8859,45.0792,2020-01-24,0,0,0,0,"Eastern Mediterranean"
,Senegal,14.4974,-14.4524,2020-01-24,0,0,0,0,Africa
,Serbia,44.0165,21.0059,2020-01-24,0,0,0,0,Europe
,Seychelles,-4.6796,55.492,2020-01-24,0,0,0,0,Africa
,Singapore,1.2833,103.833,2020-01-24,3,0,0,3,"Western Pacific"
,Slovakia,48.669,19.699,2020-01-24,0,0,0,0,Europe
,Slovenia,46.1512,14.9955,2020-01-24,0,0,0,0,Europe
,Somalia,5.15215,46.1996,2020-01-24,0,0,0,0,"Eastern Mediterranean"
,"South Africa",-30.5595,22.9375,2020-01-24,0,0,0,0,Africa
,Spain,40.4637,-3.74922,2020-01-24,0,0,0,0,Europe
,"Sri Lanka",7.87305,80.7718,2020-01-24,0,0,0,0,"South-East Asia"
,Sudan,12.8628,30.2176,2020-01-24,0,0,0,0,"Eastern Mediterranean"
,Suriname,3.9193,-56.0278,2020-01-24,0,0,0,0,Americas
,Sweden,60.1282,18.6435,2020-01-24,0,0,0,0,Europe
,Switzerland,46.8182,8.2275,2020-01-24,0,0,0,0,Europe
,Taiwan*,23.7,121,2020-01-24,3,0,0,3,"Western Pacific"
,Tanzania,-6.36903,34.8888,2020-01-24,0,0,0,0,Africa
,Thailand,15.87,100.993,2020-01-24,5,0,0,5,"South-East Asia"
,Togo,8.6195,0.8248,2020-01-24,0,0,0,0,Africa
,"Trinidad and Tobago",10.6918,-61.2225,2020-01-24,0,0,0,0,Americas
,Tunisia,33.8869,9.5375,2020-01-24,0,0,0,0,"Eastern Mediterranean"
,Turkey,38.9637,35.2433,2020-01-24,0,0,0,0,Europe
,Uganda,1.37333,32.2903,2020-01-24,0,0,0,0,Africa
,Ukraine,48.3794,31.1656,2020-01-24,0,0,0,0,Europe
,"United Arab Emirates",23.4241,53.8478,2020-01-24,0,0,0,0,"Eastern Mediterranean"
Bermuda,"United Kingdom",32.3078,-64.7505,2020-01-24,0,0,0,0,Europe
"Cayman Islands","United Kingdom",19.3133,-81.2546,2020-01-24,0,0,0,0,Europe
"Channel Islands","United Kingdom",49.3723,-2.3644,2020-01-24,0,0,0,0,Europe
Gibraltar,"United Kingdom",36.1408,-5.3536,2020-01-24,0,0,0,0,Europe
"Isle of Man","United Kingdom",54.2361,-4.5481,2020-01-24,0,0,0,0,Europe
Montserrat,"United Kingdom",16.7425,-62.1874,2020-01-24,0,0,0,0,Europe
,"United Kingdom",55.3781,-3.436,2020-01-24,0,0,0,0,Europe
,Uruguay,-32.5228,-55.7658,2020-01-24,0,0,0,0,Americas
,US,40,-100,2020-01-24,2,0,0,2,Americas
,Uzbekistan,41.3775,64.5853,2020-01-24,0,0,0,0,Europe
,Venezuela,6.4238,-66.5897,2020-01-24,0,0,0,0,Americas
,Vietnam,14.0583,108.277,2020-01-24,2,0,0,2,"Western Pacific"
,Zambia,-13.1339,27.8493,2020-01-24,0,0,0,0,Africa
,Zimbabwe,-19.0154,29.1549,2020-01-24,0,0,0,0,Africa
,Dominica,15.415,-61.371,2020-01-24,0,0,0,0,Americas
,Grenada,12.1165,-61.679,2020-01-24,0,0,0,0,Americas
,Mozambique,-18.6657,35.5296,2020-01-24,0,0,0,0,Africa
,Syria,34.8021,38.9968,2020-01-24,0,0,0,0,"Eastern Mediterranean"
,Timor-Leste,-8.87422,125.728,2020-01-24,0,0,0,0,"South-East Asia"
,Belize,17.1899,-88.4976,2020-01-24,0,0,0,0,Americas
,Laos,19.8563,102.495,2020-01-24,0,0,0,0,"Western Pacific"
,Libya,26.3351,17.2283,2020-01-24,0,0,0,0,"Eastern Mediterranean"
,"West Bank and Gaza",31.9522,35.2332,2020-01-24,0,0,0,0,"Eastern Mediterranean"
,Guinea-Bissau,11.8037,-15.1804,2020-01-24,0,0,0,0,Africa
,Mali,17.5707,-3.99617,2020-01-24,0,0,0,0,Africa
,"Saint Kitts and Nevis",17.3578,-62.783,2020-01-24,0,0,0,0,Americas
"Northwest Territories",Canada,64.8255,-124.846,2020-01-24,0,0,0,0,Americas
Yukon,Canada,64.2823,-135,2020-01-24,0,0,0,0,Americas
,Kosovo,42.6026,20.903,2020-01-24,0,0,0,0,Europe
,Burma,21.9162,95.956,2020-01-24,0,0,0,0,"South-East Asia"
Anguilla,"United Kingdom",18.2206,-63.0686,2020-01-24,0,0,0,0,Europe
"British Virgin Islands","United Kingdom",18.4207,-64.64,2020-01-24,0,0,0,0,Europe
"Turks and Caicos Islands","United Kingdom",21.694,-71.7979,2020-01-24,0,0,0,0,Europe
,Botswana,-22.3285,24.6849,2020-01-24,0,0,0,0,Africa
,Burundi,-3.3731,29.9189,2020-01-24,0,0,0,0,Africa
,"Sierra Leone",8.46056,-11.7799,2020-01-24,0,0,0,0,Africa
,Malawi,-13.2543,34.3015,2020-01-24,0,0,0,0,Africa
"Falkland Islands (Malvinas)","United Kingdom",-51.7963,-59.5236,2020-01-24,0,0,0,0,Europe
"Saint Pierre and Miquelon",France,46.8852,-56.3159,2020-01-24,0,0,0,0,Europe
,"South Sudan",6.877,31.307,2020-01-24,0,0,0,0,Africa
,"Western Sahara",24.2155,-12.8858,2020-01-24,0,0,0,0,Africa
,"Sao Tome and Principe",0.1864,6.6131,2020-01-24,0,0,0,0,Africa
,Yemen,15.5527,48.5164,2020-01-24,0,0,0,0,"Eastern Mediterranean"
,Comoros,-11.6455,43.3333,2020-01-24,0,0,0,0,Africa
,Tajikistan,38.861,71.2761,2020-01-24,0,0,0,0,Europe
,Lesotho,-29.61,28.2336,2020-01-24,0,0,0,0,Africa
,Afghanistan,33.9391,67.71,2020-01-25,0,0,0,0,"Eastern Mediterranean"
,Albania,41.1533,20.1683,2020-01-25,0,0,0,0,Europe
,Algeria,28.0339,1.6596,2020-01-25,0,0,0,0,Africa
,Andorra,42.5063,1.5218,2020-01-25,0,0,0,0,Europe
,Angola,-11.2027,17.8739,2020-01-25,0,0,0,0,Africa
,"Antigua and Barbuda",17.0608,-61.7964,2020-01-25,0,0,0,0,Americas
,Argentina,-38.4161,-63.6167,2020-01-25,0,0,0,0,Americas
,Armenia,40.0691,45.0382,2020-01-25,0,0,0,0,Europe
"Australian Capital Territory",Australia,-35.4735,149.012,2020-01-25,0,0,0,0,"Western Pacific"
"New South Wales",Australia,-33.8688,151.209,2020-01-25,0,0,0,0,"Western Pacific"
"Northern Territory",Australia,-12.4634,130.846,2020-01-25,0,0,0,0,"Western Pacific"
Queensland,Australia,-27.4698,153.025,2020-01-25,0,0,0,0,"Western Pacific"
"South Australia",Australia,-34.9285,138.601,2020-01-25,0,0,0,0,"Western Pacific"
Tasmania,Australia,-42.8821,147.327,2020-01-25,0,0,0,0,"Western Pacific"
Victoria,Australia,-37.8136,144.963,2020-01-25,0,0,0,0,"Western Pacific"
"Western Australia",Australia,-31.9505,115.86,2020-01-25,0,0,0,0,"Western Pacific"
,Austria,47.5162,14.5501,2020-01-25,0,0,0,0,Europe
,Azerbaijan,40.1431,47.5769,2020-01-25,0,0,0,0,Europe
,Bahamas,25.0259,-78.0359,2020-01-25,0,0,0,0,Americas
,Bahrain,26.0275,50.55,2020-01-25,0,0,0,0,"Eastern Mediterranean"
,Bangladesh,23.685,90.3563,2020-01-25,0,0,0,0,"South-East Asia"
,Barbados,13.1939,-59.5432,2020-01-25,0,0,0,0,Americas
,Belarus,53.7098,27.9534,2020-01-25,0,0,0,0,Europe
,Belgium,50.8333,4.46994,2020-01-25,0,0,0,0,Europe
,Benin,9.3077,2.3158,2020-01-25,0,0,0,0,Africa
,Bhutan,27.5142,90.4336,2020-01-25,0,0,0,0,"South-East Asia"
,Bolivia,-16.2902,-63.5887,2020-01-25,0,0,0,0,Americas
,"Bosnia and Herzegovina",43.9159,17.6791,2020-01-25,0,0,0,0,Europe
,Brazil,-14.235,-51.9253,2020-01-25,0,0,0,0,Americas
,Brunei,4.5353,114.728,2020-01-25,0,0,0,0,"Western Pacific"
,Bulgaria,42.7339,25.4858,2020-01-25,0,0,0,0,Europe
,"Burkina Faso",12.2383,-1.5616,2020-01-25,0,0,0,0,Africa
,"Cabo Verde",16.5388,-23.0418,2020-01-25,0,0,0,0,Africa
,Cambodia,11.55,104.917,2020-01-25,0,0,0,0,"Western Pacific"
,Cameroon,3.848,11.5021,2020-01-25,0,0,0,0,Africa
Alberta,Canada,53.9333,-116.576,2020-01-25,0,0,0,0,Americas
"British Columbia",Canada,53.7267,-127.648,2020-01-25,0,0,0,0,Americas
Manitoba,Canada,53.7609,-98.8139,2020-01-25,0,0,0,0,Americas
"New Brunswick",Canada,46.5653,-66.4619,2020-01-25,0,0,0,0,Americas
"Newfoundland and Labrador",Canada,53.1355,-57.6604,2020-01-25,0,0,0,0,Americas
"Nova Scotia",Canada,44.682,-63.7443,2020-01-25,0,0,0,0,Americas
Ontario,Canada,51.2538,-85.3232,2020-01-25,0,0,0,0,Americas
"Prince Edward Island",Canada,46.5107,-63.4168,2020-01-25,0,0,0,0,Americas
Quebec,Canada,52.9399,-73.5491,2020-01-25,0,0,0,0,Americas
Saskatchewan,Canada,52.9399,-106.451,2020-01-25,0,0,0,0,Americas
,"Central African Republic",6.6111,20.9394,2020-01-25,0,0,0,0,Africa
,Chad,15.4542,18.7322,2020-01-25,0,0,0,0,Africa
,Chile,-35.6751,-71.543,2020-01-25,0,0,0,0,Americas
Anhui,China,31.8257,117.226,2020-01-25,39,0,0,39,"Western Pacific"
Beijing,China,40.1824,116.414,2020-01-25,41,0,2,39,"Western Pacific"
Chongqing,China,30.0572,107.874,2020-01-25,57,0,0,57,"Western Pacific"
Fujian,China,26.0789,117.987,2020-01-25,18,0,0,18,"Western Pacific"
Gansu,China,35.7518,104.286,2020-01-25,4,0,0,4,"Western Pacific"
Guangdong,China,23.3417,113.424,2020-01-25,78,0,2,76,"Western Pacific"
Guangxi,China,23.8298,108.788,2020-01-25,23,0,0,23,"Western Pacific"
Guizhou,China,26.8154,106.875,2020-01-25,4,0,0,4,"Western Pacific"
Hainan,China,19.1959,109.745,2020-01-25,19,0,0,19,"Western Pacific"
Hebei,China,39.549,116.131,2020-01-25,8,1,0,7,"Western Pacific"
Heilongjiang,China,47.862,127.761,2020-01-25,9,1,0,8,"Western Pacific"
Henan,China,37.8957,114.904,2020-01-25,32,0,0,32,"Western Pacific"
"Hong Kong",China,22.3,114.2,2020-01-25,5,0,0,5,"Western Pacific"
Hubei,China,30.9756,112.271,2020-01-25,761,40,32,689,"Western Pacific"
Hunan,China,27.6104,111.709,2020-01-25,43,0,0,43,"Western Pacific"
"Inner Mongolia",China,44.0935,113.945,2020-01-25,7,0,0,7,"Western Pacific"
Jiangsu,China,32.9711,119.455,2020-01-25,18,0,1,17,"Western Pacific"
Jiangxi,China,27.614,115.722,2020-01-25,18,0,0,18,"Western Pacific"
Jilin,China,43.6661,126.192,2020-01-25,4,0,0,4,"Western Pacific"
Liaoning,China,41.2956,122.608,2020-01-25,17,0,0,17,"Western Pacific"
Macau,China,22.1667,113.55,2020-01-25,2,0,0,2,"Western Pacific"
Ningxia,China,37.2692,106.165,2020-01-25,3,0,0,3,"Western Pacific"
Qinghai,China,35.7452,95.9956,2020-01-25,1,0,0,1,"Western Pacific"
Shaanxi,China,35.1917,108.87,2020-01-25,15,0,0,15,"Western Pacific"
Shandong,China,36.3427,118.15,2020-01-25,27,0,0,27,"Western Pacific"
Shanghai,China,31.202,121.449,2020-01-25,33,0,1,32,"Western Pacific"
Shanxi,China,37.5777,112.292,2020-01-25,6,0,0,6,"Western Pacific"
Sichuan,China,30.6171,102.71,2020-01-25,28,0,0,28,"Western Pacific"
Tianjin,China,39.3054,117.323,2020-01-25,10,0,0,10,"Western Pacific"
Tibet,China,31.6927,88.0924,2020-01-25,0,0,0,0,"Western Pacific"
Xinjiang,China,41.1129,85.2401,2020-01-25,3,0,0,3,"Western Pacific"
Yunnan,China,24.974,101.487,2020-01-25,11,0,0,11,"Western Pacific"
Zhejiang,China,29.1832,120.093,2020-01-25,62,0,1,61,"Western Pacific"
,Colombia,4.5709,-74.2973,2020-01-25,0,0,0,0,Americas
,"Congo (Brazzaville)",-0.228,15.8277,2020-01-25,0,0,0,0,Africa
,"Congo (Kinshasa)",-4.0383,21.7587,2020-01-25,0,0,0,0,Africa
,"Costa Rica",9.7489,-83.7534,2020-01-25,0,0,0,0,Americas
,"Cote d'Ivoire",7.54,-5.5471,2020-01-25,0,0,0,0,Africa
,Croatia,45.1,15.2,2020-01-25,0,0,0,0,Europe
,Cuba,21.5218,-77.7812,2020-01-25,0,0,0,0,Americas
,Cyprus,35.1264,33.4299,2020-01-25,0,0,0,0,Europe
,Czechia,49.8175,15.473,2020-01-25,0,0,0,0,Europe
"Faroe Islands",Denmark,61.8926,-6.9118,2020-01-25,0,0,0,0,Europe
Greenland,Greenland,71.7069,-42.6043,2020-01-25,0,0,0,0,Europe
,Denmark,56.2639,9.5018,2020-01-25,0,0,0,0,Europe
,Djibouti,11.8251,42.5903,2020-01-25,0,0,0,0,"Eastern Mediterranean"
,"Dominican Republic",18.7357,-70.1627,2020-01-25,0,0,0,0,Americas
,Ecuador,-1.8312,-78.1834,2020-01-25,0,0,0,0,Americas
,Egypt,26.8206,30.8025,2020-01-25,0,0,0,0,"Eastern Mediterranean"
,"El Salvador",13.7942,-88.8965,2020-01-25,0,0,0,0,Americas
,"Equatorial Guinea",1.6508,10.2679,2020-01-25,0,0,0,0,Africa
,Eritrea,15.1794,39.7823,2020-01-25,0,0,0,0,Africa
,Estonia,58.5953,25.0136,2020-01-25,0,0,0,0,Europe
,Eswatini,-26.5225,31.4659,2020-01-25,0,0,0,0,Africa
,Ethiopia,9.145,40.4897,2020-01-25,0,0,0,0,Africa
,Fiji,-17.7134,178.065,2020-01-25,0,0,0,0,"Western Pacific"
,Finland,61.9241,25.7482,2020-01-25,0,0,0,0,Europe
"French Guiana",France,3.9339,-53.1258,2020-01-25,0,0,0,0,Europe
"French Polynesia",France,-17.6797,149.407,2020-01-25,0,0,0,0,Europe
Guadeloupe,France,16.265,-61.551,2020-01-25,0,0,0,0,Europe
Mayotte,France,-12.8275,45.1662,2020-01-25,0,0,0,0,Europe
"New Caledonia",France,-20.9043,165.618,2020-01-25,0,0,0,0,Europe
Reunion,France,-21.1151,55.5364,2020-01-25,0,0,0,0,Europe
"Saint Barthelemy",France,17.9,-62.8333,2020-01-25,0,0,0,0,Europe
"St Martin",France,18.0708,-63.0501,2020-01-25,0,0,0,0,Europe
Martinique,France,14.6415,-61.0242,2020-01-25,0,0,0,0,Europe
,France,46.2276,2.2137,2020-01-25,3,0,0,3,Europe
,Gabon,-0.8037,11.6094,2020-01-25,0,0,0,0,Africa
,Gambia,13.4432,-15.3101,2020-01-25,0,0,0,0,Africa
,Georgia,42.3154,43.3569,2020-01-25,0,0,0,0,Europe
,Germany,51.1657,10.4515,2020-01-25,0,0,0,0,Europe
,Ghana,7.9465,-1.0232,2020-01-25,0,0,0,0,Africa
,Greece,39.0742,21.8243,2020-01-25,0,0,0,0,Europe
,Guatemala,15.7835,-90.2308,2020-01-25,0,0,0,0,Americas
,Guinea,9.9456,-9.6966,2020-01-25,0,0,0,0,Africa
,Guyana,4.86042,-58.9302,2020-01-25,0,0,0,0,Americas
,Haiti,18.9712,-72.2852,2020-01-25,0,0,0,0,Americas
,"Holy See",41.9029,12.4534,2020-01-25,0,0,0,0,Europe
,Honduras,15.2,-86.2419,2020-01-25,0,0,0,0,Americas
,Hungary,47.1625,19.5033,2020-01-25,0,0,0,0,Europe
,Iceland,64.9631,-19.0208,2020-01-25,0,0,0,0,Europe
,India,20.5937,78.9629,2020-01-25,0,0,0,0,"South-East Asia"
,Indonesia,-0.7893,113.921,2020-01-25,0,0,0,0,"South-East Asia"
,Iran,32.4279,53.688,2020-01-25,0,0,0,0,"Eastern Mediterranean"
,Iraq,33.2232,43.6793,2020-01-25,0,0,0,0,"Eastern Mediterranean"
,Ireland,53.1424,-7.6921,2020-01-25,0,0,0,0,Europe
,Israel,31.0461,34.8516,2020-01-25,0,0,0,0,Europe
,Italy,41.8719,12.5674,2020-01-25,0,0,0,0,Europe
,Jamaica,18.1096,-77.2975,2020-01-25,0,0,0,0,Americas
,Japan,36.2048,138.253,2020-01-25,2,0,0,2,"Western Pacific"
,Jordan,31.24,36.51,2020-01-25,0,0,0,0,"Eastern Mediterranean"
,Kazakhstan,48.0196,66.9237,2020-01-25,0,0,0,0,Europe
,Kenya,-0.0236,37.9062,2020-01-25,0,0,0,0,Africa
,"South Korea",35.9078,127.767,2020-01-25,2,0,0,2,"Western Pacific"
,Kuwait,29.3117,47.4818,2020-01-25,0,0,0,0,"Eastern Mediterranean"
,Kyrgyzstan,41.2044,74.7661,2020-01-25,0,0,0,0,Europe
,Latvia,56.8796,24.6032,2020-01-25,0,0,0,0,Europe
,Lebanon,33.8547,35.8623,2020-01-25,0,0,0,0,"Eastern Mediterranean"
,Liberia,6.42805,-9.4295,2020-01-25,0,0,0,0,Africa
,Liechtenstein,47.14,9.55,2020-01-25,0,0,0,0,Europe
,Lithuania,55.1694,23.8813,2020-01-25,0,0,0,0,Europe
,Luxembourg,49.8153,6.1296,2020-01-25,0,0,0,0,Europe
,Madagascar,-18.7669,46.8691,2020-01-25,0,0,0,0,Africa
,Malaysia,4.21048,101.976,2020-01-25,3,0,0,3,"Western Pacific"
,Maldives,3.2028,73.2207,2020-01-25,0,0,0,0,"South-East Asia"
,Malta,35.9375,14.3754,2020-01-25,0,0,0,0,Europe
,Mauritania,21.0079,-10.9408,2020-01-25,0,0,0,0,Africa
,Mauritius,-20.3484,57.5522,2020-01-25,0,0,0,0,Africa
,Mexico,23.6345,-102.553,2020-01-25,0,0,0,0,Americas
,Moldova,47.4116,28.3699,2020-01-25,0,0,0,0,Europe
,Monaco,43.7333,7.4167,2020-01-25,0,0,0,0,Europe
,Mongolia,46.8625,103.847,2020-01-25,0,0,0,0,"Western Pacific"
,Montenegro,42.7087,19.3744,2020-01-25,0,0,0,0,Europe
,Morocco,31.7917,-7.0926,2020-01-25,0,0,0,0,"Eastern Mediterranean"
,Namibia,-22.9576,18.4904,2020-01-25,0,0,0,0,Africa
,Nepal,28.1667,84.25,2020-01-25,1,0,0,1,"South-East Asia"
Aruba,Netherlands,12.5211,-69.9683,2020-01-25,0,0,0,0,Europe
Curacao,Netherlands,12.1696,-68.99,2020-01-25,0,0,0,0,Europe
"Sint Maarten",Netherlands,18.0425,-63.0548,2020-01-25,0,0,0,0,Europe
,Netherlands,52.1326,5.2913,2020-01-25,0,0,0,0,Europe
,"New Zealand",-40.9006,174.886,2020-01-25,0,0,0,0,"Western Pacific"
,Nicaragua,12.8654,-85.2072,2020-01-25,0,0,0,0,Americas
,Niger,17.6078,8.08167,2020-01-25,0,0,0,0,Africa
,Nigeria,9.082,8.6753,2020-01-25,0,0,0,0,Africa
,"North Macedonia",41.6086,21.7453,2020-01-25,0,0,0,0,Europe
,Norway,60.472,8.4689,2020-01-25,0,0,0,0,Europe
,Oman,21.5126,55.9233,2020-01-25,0,0,0,0,"Eastern Mediterranean"
,Pakistan,30.3753,69.3451,2020-01-25,0,0,0,0,"Eastern Mediterranean"
,Panama,8.538,-80.7821,2020-01-25,0,0,0,0,Americas
,"Papua New Guinea",-6.31499,143.956,2020-01-25,0,0,0,0,"Western Pacific"
,Paraguay,-23.4425,-58.4438,2020-01-25,0,0,0,0,Americas
,Peru,-9.19,-75.0152,2020-01-25,0,0,0,0,Americas
,Philippines,12.8797,121.774,2020-01-25,0,0,0,0,"Western Pacific"
,Poland,51.9194,19.1451,2020-01-25,0,0,0,0,Europe
,Portugal,39.3999,-8.2245,2020-01-25,0,0,0,0,Europe
,Qatar,25.3548,51.1839,2020-01-25,0,0,0,0,"Eastern Mediterranean"
,Romania,45.9432,24.9668,2020-01-25,0,0,0,0,Europe
,Russia,61.524,105.319,2020-01-25,0,0,0,0,Europe
,Rwanda,-1.9403,29.8739,2020-01-25,0,0,0,0,Africa
,"Saint Lucia",13.9094,-60.9789,2020-01-25,0,0,0,0,Americas
,"Saint Vincent and the Grenadines",12.9843,-61.2872,2020-01-25,0,0,0,0,Americas
,"San Marino",43.9424,12.4578,2020-01-25,0,0,0,0,Europe
,"Saudi Arabia",23.8859,45.0792,2020-01-25,0,0,0,0,"Eastern Mediterranean"
,Senegal,14.4974,-14.4524,2020-01-25,0,0,0,0,Africa
,Serbia,44.0165,21.0059,2020-01-25,0,0,0,0,Europe
,Seychelles,-4.6796,55.492,2020-01-25,0,0,0,0,Africa
,Singapore,1.2833,103.833,2020-01-25,3,0,0,3,"Western Pacific"
,Slovakia,48.669,19.699,2020-01-25,0,0,0,0,Europe
,Slovenia,46.1512,14.9955,2020-01-25,0,0,0,0,Europe
,Somalia,5.15215,46.1996,2020-01-25,0,0,0,0,"Eastern Mediterranean"
,"South Africa",-30.5595,22.9375,2020-01-25,0,0,0,0,Africa
,Spain,40.4637,-3.74922,2020-01-25,0,0,0,0,Europe
,"Sri Lanka",7.87305,80.7718,2020-01-25,0,0,0,0,"South-East Asia"
,Sudan,12.8628,30.2176,2020-01-25,0,0,0,0,"Eastern Mediterranean"
,Suriname,3.9193,-56.0278,2020-01-25,0,0,0,0,Americas
,Sweden,60.1282,18.6435,2020-01-25,0,0,0,0,Europe
,Switzerland,46.8182,8.2275,2020-01-25,0,0,0,0,Europe
,Taiwan*,23.7,121,2020-01-25,3,0,0,3,"Western Pacific"
,Tanzania,-6.36903,34.8888,2020-01-25,0,0,0,0,Africa
,Thailand,15.87,100.993,2020-01-25,7,0,0,7,"South-East Asia"
,Togo,8.6195,0.8248,2020-01-25,0,0,0,0,Africa
,"Trinidad and Tobago",10.6918,-61.2225,2020-01-25,0,0,0,0,Americas
,Tunisia,33.8869,9.5375,2020-01-25,0,0,0,0,"Eastern Mediterranean"
,Turkey,38.9637,35.2433,2020-01-25,0,0,0,0,Europe
,Uganda,1.37333,32.2903,2020-01-25,0,0,0,0,Africa
,Ukraine,48.3794,31.1656,2020-01-25,0,0,0,0,Europe
,"United Arab Emirates",23.4241,53.8478,2020-01-25,0,0,0,0,"Eastern Mediterranean"
Bermuda,"United Kingdom",32.3078,-64.7505,2020-01-25,0,0,0,0,Europe
"Cayman Islands","United Kingdom",19.3133,-81.2546,2020-01-25,0,0,0,0,Europe
