Province/State,Country/Region,Lat,Long,Date,Confirmed,Deaths,Recovered,Active,"WHO Region",NewCases,CaseFatalityRate
,Afghanistan,33.9391,67.71,2020/02/24,1,0,0,1,"Eastern Mediterranean",1,0
,Afghanistan,33.9391,67.71,2020/02/24,1,0,0,1,"Eastern Mediterranean",0,0
,Afghanistan,33.9391,67.71,2020/02/25,1,0,0,1,"Eastern Mediterranean",0,0
,Afghanistan,33.9391,67.71,2020/02/25,1,0,0,1,"Eastern Mediterranean",0,0
,Algeria,28.0339,1.6596,2020/02/25,1,0,0,1,Africa,1,0
,Algeria,28.0339,1.6596,2020/02/25,1,0,0,1,Africa,0,0
Victoria,Australia,-37.8136,144.963,2020/01/26,1,0,0,1,"Western Pacific",1,0
"New South Wales",Australia,-33.8688,151.209,2020/01/26,3,0,0,3,"Western Pacific",3,0
"New South Wales",Australia,-33.8688,151.209,2020/01/26,3,0,0,3,"Western Pacific",3,0
Victoria,Australia,-37.8136,144.963,2020/01/26,1,0,0,1,"Western Pacific",1,0
"New South Wales",Australia,-33.8688,151.209,2020/01/27,4,0,0,4,"Western Pacific",4,0
Victoria,Australia,-37.8136,144.963,2020/01/27,1,0,0,1,"Western Pacific",1,0
Victoria,Australia,-37.8136,144.963,2020/01/27,1,0,0,1,"Western Pacific",1,0
"New South Wales",Australia,-33.8688,151.209,2020/01/27,4,0,0,4,"Western Pacific",4,0
Victoria,Australia,-37.8136,144.963,2020/01/28,1,0,0,1,"Western Pacific",1,0
"New South Wales",Australia,-33.8688,151.209,2020/01/28,4,0,0,4,"Western Pacific",4,0
"New South Wales",Australia,-33.8688,151.209,2020/01/28,4,0,0,4,"Western Pacific",4,0
Victoria,Australia,-37.8136,144.963,2020/01/28,1,0,0,1,"Western Pacific",1,0
Victoria,Australia,-37.8136,144.963,2020/01/29,1,0,0,1,"Western Pacific",0,0
Queensland,Australia,-27.4698,153.025,2020/01/29,1,0,0,1,"Western Pacific",1,0
"New South Wales",Australia,-33.8688,151.209,2020/01/29,4,0,0,4,"Western Pacific",4,0
Queensland,Australia,-27.4698,153.025,2020/01/29,1,0,0,1,"Western Pacific",1,0
"New South Wales",Australia,-33.8688,151.209,2020/01/29,4,0,0,4,"Western Pacific",4,0
Victoria,Australia,-37.8136,144.963,2020/01/29,1,0,0,1,"Western Pacific",-3,0
"New South Wales",Australia,-33.8688,151.209,2020/01/30,4,0,2,2,"Western Pacific",4,0
Queensland,Australia,-27.4698,153.025,2020/01/30,3,0,0,3,"Western Pacific",3,0
Victoria,Australia,-37.8136,144.963,2020/01/30,2,0,0,2,"Western Pacific",2,0
"New South Wales",Australia,-33.8688,151.209,2020/01/30,4,0,2,2,"Western Pacific",4,0
Queensland,Australia,-27.4698,153.025,2020/01/30,3,0,0,3,"Western Pacific",3,0
Victoria,Australia,-37.8136,144.963,2020/01/30,2,0,0,2,"Western Pacific",2,0
Victoria,Australia,-37.8136,144.963,2020/01/31,3,0,0,3,"Western Pacific",3,0
Queensland,Australia,-27.4698,153.025,2020/01/31,2,0,0,2,"Western Pacific",2,0
"New South Wales",Australia,-33.8688,151.209,2020/01/31,4,0,2,2,"Western Pacific",4,0
"New South Wales",Australia,-33.8688,151.209,2020/01/31,4,0,2,2,"Western Pacific",4,0
Queensland,Australia,-27.4698,153.025,2020/01/31,2,0,0,2,"Western Pacific",2,0
Victoria,Australia,-37.8136,144.963,2020/01/31,3,0,0,3,"Western Pacific",3,0
Queensland,Australia,-27.4698,153.025,2020/02/01,3,0,0,3,"Western Pacific",3,0
"New South Wales",Australia,-33.8688,151.209,2020/02/01,4,0,2,2,"Western Pacific",1,0
"South Australia",Australia,-34.9285,138.601,2020/02/01,1,0,0,1,"Western Pacific",1,0
Victoria,Australia,-37.8136,144.963,2020/02/01,4,0,0,4,"Western Pacific",4,0
"South Australia",Australia,-34.9285,138.601,2020/02/01,1,0,0,1,"Western Pacific",1,0
Victoria,Australia,-37.8136,144.963,2020/02/01,4,0,0,4,"Western Pacific",4,0
"New South Wales",Australia,-33.8688,151.209,2020/02/01,4,0,2,2,"Western Pacific",0,0
Queensland,Australia,-27.4698,153.025,2020/02/01,3,0,0,3,"Western Pacific",3,0
Victoria,Australia,-37.8136,144.963,2020/02/02,4,0,0,4,"Western Pacific",4,0
"South Australia",Australia,-34.9285,138.601,2020/02/02,2,0,0,2,"Western Pacific",2,0
Queensland,Australia,-27.4698,153.025,2020/02/02,2,0,0,2,"Western Pacific",0,0
"New South Wales",Australia,-33.8688,151.209,2020/02/02,4,0,2,2,"Western Pacific",2,0
"South Australia",Australia,-34.9285,138.601,2020/02/02,2,0,0,2,"Western Pacific",2,0
Victoria,Australia,-37.8136,144.963,2020/02/02,4,0,0,4,"Western Pacific",2,0
"New South Wales",Australia,-33.8688,151.209,2020/02/02,4,0,2,2,"Western Pacific",4,0
Queensland,Australia,-27.4698,153.025,2020/02/02,2,0,0,2,"Western Pacific",2,0
"New South Wales",Australia,-33.8688,151.209,2020/02/03,4,0,2,2,"Western Pacific",4,0
Queensland,Australia,-27.4698,153.025,2020/02/03,2,0,0,2,"Western Pacific",2,0
"South Australia",Australia,-34.9285,138.601,2020/02/03,2,0,0,2,"Western Pacific",0,0
Victoria,Australia,-37.8136,144.963,2020/02/03,4,0,0,4,"Western Pacific",4,0
Queensland,Australia,-27.4698,153.025,2020/02/03,2,0,0,2,"Western Pacific",-2,0
"New South Wales",Australia,-33.8688,151.209,2020/02/03,4,0,2,2,"Western Pacific",4,0
Victoria,Australia,-37.8136,144.963,2020/02/03,4,0,0,4,"Western Pacific",4,0
"South Australia",Australia,-34.9285,138.601,2020/02/03,2,0,0,2,"Western Pacific",-2,0
"South Australia",Australia,-34.9285,138.601,2020/02/04,2,0,0,2,"Western Pacific",0,0
"New South Wales",Australia,-33.8688,151.209,2020/02/04,4,0,2,2,"Western Pacific",4,0
Queensland,Australia,-27.4698,153.025,2020/02/04,3,0,0,3,"Western Pacific",3,0
Victoria,Australia,-37.8136,144.963,2020/02/04,4,0,0,4,"Western Pacific",4,0
Victoria,Australia,-37.8136,144.963,2020/02/04,4,0,0,4,"Western Pacific",4,0
Queensland,Australia,-27.4698,153.025,2020/02/04,3,0,0,3,"Western Pacific",3,0
"South Australia",Australia,-34.9285,138.601,2020/02/04,2,0,0,2,"Western Pacific",-1,0
"New South Wales",Australia,-33.8688,151.209,2020/02/04,4,0,2,2,"Western Pacific",2,0
"South Australia",Australia,-34.9285,138.601,2020/02/05,2,0,0,2,"Western Pacific",-2,0
Victoria,Australia,-37.8136,144.963,2020/02/05,4,0,0,4,"Western Pacific",4,0
"New South Wales",Australia,-33.8688,151.209,2020/02/05,4,0,2,2,"Western Pacific",4,0
Queensland,Australia,-27.4698,153.025,2020/02/05,3,0,0,3,"Western Pacific",3,0
Victoria,Australia,-37.8136,144.963,2020/02/05,4,0,0,4,"Western Pacific",4,0
"South Australia",Australia,-34.9285,138.601,2020/02/05,2,0,0,2,"Western Pacific",2,0
Queensland,Australia,-27.4698,153.025,2020/02/05,3,0,0,3,"Western Pacific",1,0
"New South Wales",Australia,-33.8688,151.209,2020/02/05,4,0,2,2,"Western Pacific",4,0
Victoria,Australia,-37.8136,144.963,2020/02/06,4,0,0,4,"Western Pacific",4,0
"South Australia",Australia,-34.9285,138.601,2020/02/06,2,0,0,2,"Western Pacific",2,0
Queensland,Australia,-27.4698,153.025,2020/02/06,4,0,0,4,"Western Pacific",2,0
"New South Wales",Australia,-33.8688,151.209,2020/02/06,4,0,2,2,"Western Pacific",4,0
"New South Wales",Australia,-33.8688,151.209,2020/02/06,4,0,2,2,"Western Pacific",4,0
"South Australia",Australia,-34.9285,138.601,2020/02/06,2,0,0,2,"Western Pacific",2,0
Queensland,Australia,-27.4698,153.025,2020/02/06,4,0,0,4,"Western Pacific",2,0
Victoria,Australia,-37.8136,144.963,2020/02/06,4,0,0,4,"Western Pacific",0,0
"New South Wales",Australia,-33.8688,151.209,2020/02/07,4,0,2,2,"Western Pacific",4,0
Victoria,Australia,-37.8136,144.963,2020/02/07,4,0,0,4,"Western Pacific",0,0
"South Australia",Australia,-34.9285,138.601,2020/02/07,2,0,0,2,"Western Pacific",2,0
Queensland,Australia,-27.4698,153.025,2020/02/07,5,0,0,5,"Western Pacific",3,0
"New South Wales",Australia,-33.8688,151.209,2020/02/07,4,0,2,2,"Western Pacific",4,0
Victoria,Australia,-37.8136,144.963,2020/02/07,4,0,0,4,"Western Pacific",4,0
"South Australia",Australia,-34.9285,138.601,2020/02/07,2,0,0,2,"Western Pacific",2,0
Queensland,Australia,-27.4698,153.025,2020/02/07,5,0,0,5,"Western Pacific",3,0
"New South Wales",Australia,-33.8688,151.209,2020/02/08,4,0,2,2,"Western Pacific",4,0
Victoria,Australia,-37.8136,144.963,2020/02/08,4,0,0,4,"Western Pacific",4,0
"South Australia",Australia,-34.9285,138.601,2020/02/08,2,0,0,2,"Western Pacific",2,0
Queensland,Australia,-27.4698,153.025,2020/02/08,5,0,0,5,"Western Pacific",3,0
"New South Wales",Australia,-33.8688,151.209,2020/02/08,4,0,2,2,"Western Pacific",-1,0
Victoria,Australia,-37.8136,144.963,2020/02/08,4,0,0,4,"Western Pacific",4,0
"South Australia",Australia,-34.9285,138.601,2020/02/08,2,0,0,2,"Western Pacific",2,0
Queensland,Australia,-27.4698,153.025,2020/02/08,5,0,0,5,"Western Pacific",3,0
"South Australia",Australia,-34.9285,138.601,2020/02/09,2,0,0,2,"Western Pacific",2,0
"New South Wales",Australia,-33.8688,151.209,2020/02/09,4,0,2,2,"Western Pacific",4,0
Queensland,Australia,-27.4698,153.025,2020/02/09,5,0,0,5,"Western Pacific",5,0
Victoria,Australia,-37.8136,144.963,2020/02/09,4,0,0,4,"Western Pacific",4,0
Victoria,Australia,-37.8136,144.963,2020/02/09,4,0,0,4,"Western Pacific",4,0
"South Australia",Australia,-34.9285,138.601,2020/02/09,2,0,0,2,"Western Pacific",2,0
Queensland,Australia,-27.4698,153.025,2020/02/09,5,0,0,5,"Western Pacific",3,0
"New South Wales",Australia,-33.8688,151.209,2020/02/09,4,0,2,2,"Western Pacific",4,0
"New South Wales",Australia,-33.8688,151.209,2020/02/10,4,0,2,2,"Western Pacific",4,0
"South Australia",Australia,-34.9285,138.601,2020/02/10,2,0,0,2,"Western Pacific",2,0
Victoria,Australia,-37.8136,144.963,2020/02/10,4,0,0,4,"Western Pacific",4,0
Queensland,Australia,-27.4698,153.025,2020/02/10,5,0,0,5,"Western Pacific",1,0
Victoria,Australia,-37.8136,144.963,2020/02/10,4,0,0,4,"Western Pacific",-1,0
"South Australia",Australia,-34.9285,138.601,2020/02/10,2,0,0,2,"Western Pacific",2,0
Queensland,Australia,-27.4698,153.025,2020/02/10,5,0,0,5,"Western Pacific",3,0
"New South Wales",Australia,-33.8688,151.209,2020/02/10,4,0,2,2,"Western Pacific",4,0
"South Australia",Australia,-34.9285,138.601,2020/02/11,2,0,0,2,"Western Pacific",-2,0
Queensland,Australia,-27.4698,153.025,2020/02/11,5,0,0,5,"Western Pacific",3,0
"New South Wales",Australia,-33.8688,151.209,2020/02/11,4,0,2,2,"Western Pacific",4,0
Victoria,Australia,-37.8136,144.963,2020/02/11,4,0,0,4,"Western Pacific",4,0
"South Australia",Australia,-34.9285,138.601,2020/02/11,2,0,0,2,"Western Pacific",-2,0
Queensland,Australia,-27.4698,153.025,2020/02/11,5,0,0,5,"Western Pacific",3,0
"New South Wales",Australia,-33.8688,151.209,2020/02/11,4,0,2,2,"Western Pacific",4,0
Victoria,Australia,-37.8136,144.963,2020/02/11,4,0,0,4,"Western Pacific",4,0
Victoria,Australia,-37.8136,144.963,2020/02/12,4,0,0,4,"Western Pacific",4,0
"South Australia",Australia,-34.9285,138.601,2020/02/12,2,0,0,2,"Western Pacific",2,0
Queensland,Australia,-27.4698,153.025,2020/02/12,5,0,0,5,"Western Pacific",3,0
"New South Wales",Australia,-33.8688,151.209,2020/02/12,4,0,2,2,"Western Pacific",-1,0
Queensland,Australia,-27.4698,153.025,2020/02/12,5,0,0,5,"Western Pacific",5,0
"South Australia",Australia,-34.9285,138.601,2020/02/12,2,0,0,2,"Western Pacific",-3,0
"New South Wales",Australia,-33.8688,151.209,2020/02/12,4,0,2,2,"Western Pacific",4,0
Victoria,Australia,-37.8136,144.963,2020/02/12,4,0,0,4,"Western Pacific",4,0
"New South Wales",Australia,-33.8688,151.209,2020/02/13,4,0,4,0,"Western Pacific",4,0
Victoria,Australia,-37.8136,144.963,2020/02/13,4,0,4,0,"Western Pacific",0,0
Queensland,Australia,-27.4698,153.025,2020/02/13,5,0,0,5,"Western Pacific",5,0
"South Australia",Australia,-34.9285,138.601,2020/02/13,2,0,0,2,"Western Pacific",-3,0
"South Australia",Australia,-34.9285,138.601,2020/02/13,2,0,0,2,"Western Pacific",2,0
Victoria,Australia,-37.8136,144.963,2020/02/13,4,0,4,0,"Western Pacific",4,0
Queensland,Australia,-27.4698,153.025,2020/02/13,5,0,0,5,"Western Pacific",5,0
"New South Wales",Australia,-33.8688,151.209,2020/02/13,4,0,4,0,"Western Pacific",4,0
"South Australia",Australia,-34.9285,138.601,2020/02/14,2,0,0,2,"Western Pacific",2,0
Queensland,Australia,-27.4698,153.025,2020/02/14,5,0,0,5,"Western Pacific",5,0
Victoria,Australia,-37.8136,144.963,2020/02/14,4,0,4,0,"Western Pacific",4,0
"New South Wales",Australia,-33.8688,151.209,2020/02/14,4,0,4,0,"Western Pacific",0,0
Queensland,Australia,-27.4698,153.025,2020/02/14,5,0,0,5,"Western Pacific",5,0
Victoria,Australia,-37.8136,144.963,2020/02/14,4,0,4,0,"Western Pacific",4,0
"New South Wales",Australia,-33.8688,151.209,2020/02/14,4,0,4,0,"Western Pacific",4,0
"South Australia",Australia,-34.9285,138.601,2020/02/14,2,0,0,2,"Western Pacific",-2,0
Victoria,Australia,-37.8136,144.963,2020/02/15,4,0,4,0,"Western Pacific",4,0
"South Australia",Australia,-34.9285,138.601,2020/02/15,2,0,0,2,"Western Pacific",2,0
Queensland,Australia,-27.4698,153.025,2020/02/15,5,0,0,5,"Western Pacific",3,0
"New South Wales",Australia,-33.8688,151.209,2020/02/15,4,0,4,0,"Western Pacific",4,0
"South Australia",Australia,-34.9285,138.601,2020/02/15,2,0,0,2,"Western Pacific",2,0
Victoria,Australia,-37.8136,144.963,2020/02/15,4,0,4,0,"Western Pacific",4,0
Queensland,Australia,-27.4698,153.025,2020/02/15,5,0,0,5,"Western Pacific",5,0
"New South Wales",Australia,-33.8688,151.209,2020/02/15,4,0,4,0,"Western Pacific",4,0
"South Australia",Australia,-34.9285,138.601,2020/02/16,2,0,0,2,"Western Pacific",-2,0
"New South Wales",Australia,-33.8688,151.209,2020/02/16,4,0,4,0,"Western Pacific",4,0
Queensland,Australia,-27.4698,153.025,2020/02/16,5,0,0,5,"Western Pacific",5,0
Victoria,Australia,-37.8136,144.963,2020/02/16,4,0,4,0,"Western Pacific",4,0
Victoria,Australia,-37.8136,144.963,2020/02/16,4,0,4,0,"Western Pacific",4,0
Queensland,Australia,-27.4698,153.025,2020/02/16,5,0,0,5,"Western Pacific",1,0
"New South Wales",Australia,-33.8688,151.209,2020/02/16,4,0,4,0,"Western Pacific",4,0
"South Australia",Australia,-34.9285,138.601,2020/02/16,2,0,0,2,"Western Pacific",2,0
Victoria,Australia,-37.8136,144.963,2020/02/17,4,0,4,0,"Western Pacific",4,0
"New South Wales",Australia,-33.8688,151.209,2020/02/17,4,0,4,0,"Western Pacific",4,0
Queensland,Australia,-27.4698,153.025,2020/02/17,5,0,0,5,"Western Pacific",1,0
"South Australia",Australia,-34.9285,138.601,2020/02/17,2,0,2,0,"Western Pacific",2,0
"South Australia",Australia,-34.9285,138.601,2020/02/17,2,0,2,0,"Western Pacific",2,0
"New South Wales",Australia,-33.8688,151.209,2020/02/17,4,0,4,0,"Western Pacific",4,0
Victoria,Australia,-37.8136,144.963,2020/02/17,4,0,4,0,"Western Pacific",0,0
Queensland,Australia,-27.4698,153.025,2020/02/17,5,0,0,5,"Western Pacific",5,0
Victoria,Australia,-37.8136,144.963,2020/02/18,4,0,4,0,"Western Pacific",4,0
"South Australia",Australia,-34.9285,138.601,2020/02/18,2,0,2,0,"Western Pacific",-2,0
Queensland,Australia,-27.4698,153.025,2020/02/18,5,0,0,5,"Western Pacific",5,0
"New South Wales",Australia,-33.8688,151.209,2020/02/18,4,0,4,0,"Western Pacific",-1,0
Victoria,Australia,-37.8136,144.963,2020/02/18,4,0,4,0,"Western Pacific",0,0
"South Australia",Australia,-34.9285,138.601,2020/02/18,2,0,2,0,"Western Pacific",-2,0
Queensland,Australia,-27.4698,153.025,2020/02/18,5,0,0,5,"Western Pacific",3,0
"New South Wales",Australia,-33.8688,151.209,2020/02/18,4,0,4,0,"Western Pacific",4,0
"South Australia",Australia,-34.9285,138.601,2020/02/19,2,0,2,0,"Western Pacific",2,0
Queensland,Australia,-27.4698,153.025,2020/02/19,5,0,0,5,"Western Pacific",3,0
"New South Wales",Australia,-33.8688,151.209,2020/02/19,4,0,4,0,"Western Pacific",4,0
Victoria,Australia,-37.8136,144.963,2020/02/19,4,0,4,0,"Western Pacific",4,0
"South Australia",Australia,-34.9285,138.601,2020/02/19,2,0,2,0,"Western Pacific",-2,0
Victoria,Australia,-37.8136,144.963,2020/02/19,4,0,4,0,"Western Pacific",4,0
"New South Wales",Australia,-33.8688,151.209,2020/02/19,4,0,4,0,"Western Pacific",4,0
Queensland,Australia,-27.4698,153.025,2020/02/19,5,0,0,5,"Western Pacific",5,0
"New South Wales",Australia,-33.8688,151.209,2020/02/20,4,0,4,0,"Western Pacific",-1,0
Queensland,Australia,-27.4698,153.025,2020/02/20,5,0,0,5,"Western Pacific",5,0
"South Australia",Australia,-34.9285,138.601,2020/02/20,2,0,2,0,"Western Pacific",-3,0
Victoria,Australia,-37.8136,144.963,2020/02/20,4,0,4,0,"Western Pacific",2,0
"South Australia",Australia,-34.9285,138.601,2020/02/20,2,0,2,0,"Western Pacific",2,0
Victoria,Australia,-37.8136,144.963,2020/02/20,4,0,4,0,"Western Pacific",2,0
Queensland,Australia,-27.4698,153.025,2020/02/20,5,0,0,5,"Western Pacific",5,0
"New South Wales",Australia,-33.8688,151.209,2020/02/20,4,0,4,0,"Western Pacific",4,0
"New South Wales",Australia,-33.8688,151.209,2020/02/21,4,0,4,0,"Western Pacific",4,0
Queensland,Australia,-27.4698,153.025,2020/02/21,5,0,1,4,"Western Pacific",5,0
"South Australia",Australia,-34.9285,138.601,2020/02/21,2,0,2,0,"Western Pacific",-3,0
Victoria,Australia,-37.8136,144.963,2020/02/21,4,0,4,0,"Western Pacific",4,0
Victoria,Australia,-37.8136,144.963,2020/02/21,4,0,4,0,"Western Pacific",4,0
"South Australia",Australia,-34.9285,138.601,2020/02/21,2,0,2,0,"Western Pacific",2,0
Queensland,Australia,-27.4698,153.025,2020/02/21,5,0,1,4,"Western Pacific",3,0
"New South Wales",Australia,-33.8688,151.209,2020/02/21,4,0,4,0,"Western Pacific",4,0
"New South Wales",Australia,-33.8688,151.209,2020/02/22,4,0,4,0,"Western Pacific",4,0
Queensland,Australia,-27.4698,153.025,2020/02/22,5,0,1,4,"Western Pacific",5,0
"South Australia",Australia,-34.9285,138.601,2020/02/22,2,0,2,0,"Western Pacific",-3,0
Victoria,Australia,-37.8136,144.963,2020/02/22,4,0,4,0,"Western Pacific",2,0
"South Australia",Australia,-34.9285,138.601,2020/02/22,2,0,2,0,"Western Pacific",2,0
Queensland,Australia,-27.4698,153.025,2020/02/22,5,0,1,4,"Western Pacific",3,0
"New South Wales",Australia,-33.8688,151.209,2020/02/22,4,0,4,0,"Western Pacific",4,0
Victoria,Australia,-37.8136,144.963,2020/02/22,4,0,4,0,"Western Pacific",4,0
"South Australia",Australia,-34.9285,138.601,2020/02/23,2,0,2,0,"Western Pacific",-2,0
Queensland,Australia,-27.4698,153.025,2020/02/23,5,0,1,4,"Western Pacific",3,0
"New South Wales",Australia,-33.8688,151.209,2020/02/23,4,0,4,0,"Western Pacific",4,0
Victoria,Australia,-37.8136,144.963,2020/02/23,4,0,4,0,"Western Pacific",0,0
Queensland,Australia,-27.4698,153.025,2020/02/23,5,0,1,4,"Western Pacific",5,0
"New South Wales",Australia,-33.8688,151.209,2020/02/23,4,0,4,0,"Western Pacific",4,0
"South Australia",Australia,-34.9285,138.601,2020/02/23,2,0,2,0,"Western Pacific",-2,0
Victoria,Australia,-37.8136,144.963,2020/02/23,4,0,4,0,"Western Pacific",4,0
Queensland,Australia,-27.4698,153.025,2020/02/24,5,0,1,4,"Western Pacific",1,0
"South Australia",Australia,-34.9285,138.601,2020/02/24,2,0,2,0,"Western Pacific",2,0
Victoria,Australia,-37.8136,144.963,2020/02/24,4,0,4,0,"Western Pacific",4,0
"New South Wales",Australia,-33.8688,151.209,2020/02/24,4,0,4,0,"Western Pacific",4,0
"South Australia",Australia,-34.9285,138.601,2020/02/24,2,0,2,0,"Western Pacific",2,0
Queensland,Australia,-27.4698,153.025,2020/02/24,5,0,1,4,"Western Pacific",3,0
Victoria,Australia,-37.8136,144.963,2020/02/24,4,0,4,0,"Western Pacific",-1,0
"New South Wales",Australia,-33.8688,151.209,2020/02/24,4,0,4,0,"Western Pacific",4,0
"South Australia",Australia,-34.9285,138.601,2020/02/25,2,0,2,0,"Western Pacific",2,0
"New South Wales",Australia,-33.8688,151.209,2020/02/25,4,0,4,0,"Western Pacific",4,0
Queensland,Australia,-27.4698,153.025,2020/02/25,5,0,1,4,"Western Pacific",5,0
Victoria,Australia,-37.8136,144.963,2020/02/25,4,0,4,0,"Western Pacific",-1,0
"New South Wales",Australia,-33.8688,151.209,2020/02/25,4,0,4,0,"Western Pacific",4,0
"South Australia",Australia,-34.9285,138.601,2020/02/25,2,0,2,0,"Western Pacific",2,0
Victoria,Australia,-37.8136,144.963,2020/02/25,4,0,4,0,"Western Pacific",2,0
Queensland,Australia,-27.4698,153.025,2020/02/25,5,0,1,4,"Western Pacific",5,0
,Austria,47.5162,14.5501,2020/02/25,2,0,0,2,Europe,2,0
,Austria,47.5162,14.5501,2020/02/25,2,0,0,2,Europe,0,0
,Bahrain,26.0275,50.55,2020/02/24,1,0,0,1,"Eastern Mediterranean",1,0
,Bahrain,26.0275,50.55,2020/02/24,1,0,0,1,"Eastern Mediterranean",0,0
,Bahrain,26.0275,50.55,2020/02/25,23,0,0,23,"Eastern Mediterranean",22,0
,Bahrain,26.0275,50.55,2020/02/25,23,0,0,23,"Eastern Mediterranean",0,0
,Belgium,50.8333,4.46994,2020/02/04,1,0,0,1,Europe,1,0
,Belgium,50.8333,4.46994,2020/02/04,1,0,0,1,Europe,0,0
,Belgium,50.8333,4.46994,2020/02/05,1,0,0,1,Europe,0,0
,Belgium,50.8333,4.46994,2020/02/05,1,0,0,1,Europe,0,0
,Belgium,50.8333,4.46994,2020/02/06,1,0,0,1,Europe,0,0
,Belgium,50.8333,4.46994,2020/02/06,1,0,0,1,Europe,0,0
,Belgium,50.8333,4.46994,2020/02/07,1,0,0,1,Europe,0,0
,Belgium,50.8333,4.46994,2020/02/07,1,0,0,1,Europe,0,0
,Belgium,50.8333,4.46994,2020/02/08,1,0,0,1,Europe,0,0
,Belgium,50.8333,4.46994,2020/02/08,1,0,0,1,Europe,0,0
,Belgium,50.8333,4.46994,2020/02/09,1,0,0,1,Europe,0,0
,Belgium,50.8333,4.46994,2020/02/09,1,0,0,1,Europe,0,0
,Belgium,50.8333,4.46994,2020/02/10,1,0,0,1,Europe,0,0
,Belgium,50.8333,4.46994,2020/02/10,1,0,0,1,Europe,0,0
,Belgium,50.8333,4.46994,2020/02/11,1,0,0,1,Europe,0,0
,Belgium,50.8333,4.46994,2020/02/11,1,0,0,1,Europe,0,0
,Belgium,50.8333,4.46994,2020/02/12,1,0,0,1,Europe,0,0
,Belgium,50.8333,4.46994,2020/02/12,1,0,0,1,Europe,0,0
,Belgium,50.8333,4.46994,2020/02/13,1,0,0,1,Europe,0,0
,Belgium,50.8333,4.46994,2020/02/13,1,0,0,1,Europe,0,0
,Belgium,50.8333,4.46994,2020/02/14,1,0,0,1,Europe,0,0
,Belgium,50.8333,4.46994,2020/02/14,1,0,0,1,Europe,0,0
,Belgium,50.8333,4.46994,2020/02/15,1,0,0,1,Europe,0,0
,Belgium,50.8333,4.46994,2020/02/15,1,0,0,1,Europe,0,0
,Belgium,50.8333,4.46994,2020/02/16,1,0,0,1,Europe,0,0
,Belgium,50.8333,4.46994,2020/02/16,1,0,0,1,Europe,0,0
,Belgium,50.8333,4.46994,2020/02/17,1,0,1,0,Europe,0,0
,Belgium,50.8333,4.46994,2020/02/17,1,0,1,0,Europe,0,0
,Belgium,50.8333,4.46994,2020/02/18,1,0,1,0,Europe,0,0
,Belgium,50.8333,4.46994,2020/02/18,1,0,1,0,Europe,0,0
,Belgium,50.8333,4.46994,2020/02/19,1,0,1,0,Europe,0,0
,Belgium,50.8333,4.46994,2020/02/19,1,0,1,0,Europe,0,0
,Belgium,50.8333,4.46994,2020/02/20,1,0,1,0,Europe,0,0
,Belgium,50.8333,4.46994,2020/02/20,1,0,1,0,Europe,0,0
,Belgium,50.8333,4.46994,2020/02/21,1,0,1,0,Europe,0,0
,Belgium,50.8333,4.46994,2020/02/21,1,0,1,0,Europe,0,0
,Belgium,50.8333,4.46994,2020/02/22,1,0,1,0,Europe,0,0
,Belgium,50.8333,4.46994,2020/02/22,1,0,1,0,Europe,0,0
,Belgium,50.8333,4.46994,2020/02/23,1,0,1,0,Europe,0,0
,Belgium,50.8333,4.46994,2020/02/23,1,0,1,0,Europe,0,0
,Belgium,50.8333,4.46994,2020/02/24,1,0,1,0,Europe,0,0
,Belgium,50.8333,4.46994,2020/02/24,1,0,1,0,Europe,0,0
,Belgium,50.8333,4.46994,2020/02/25,1,0,1,0,Europe,0,0
,Belgium,50.8333,4.46994,2020/02/25,1,0,1,0,Europe,0,0
,Cambodia,11.55,104.917,2020/01/27,1,0,0,1,"Western Pacific",1,0
,Cambodia,11.55,104.917,2020/01/27,1,0,0,1,"Western Pacific",0,0
,Cambodia,11.55,104.917,2020/01/28,1,0,0,1,"Western Pacific",0,0
,Cambodia,11.55,104.917,2020/01/28,1,0,0,1,"Western Pacific",0,0
,Cambodia,11.55,104.917,2020/01/29,1,0,0,1,"Western Pacific",0,0
,Cambodia,11.55,104.917,2020/01/29,1,0,0,1,"Western Pacific",0,0
,Cambodia,11.55,104.917,2020/01/30,1,0,0,1,"Western Pacific",0,0
,Cambodia,11.55,104.917,2020/01/30,1,0,0,1,"Western Pacific",0,0
,Cambodia,11.55,104.917,2020/01/31,1,0,0,1,"Western Pacific",0,0
,Cambodia,11.55,104.917,2020/01/31,1,0,0,1,"Western Pacific",0,0
,Cambodia,11.55,104.917,2020/02/01,1,0,0,1,"Western Pacific",0,0
,Cambodia,11.55,104.917,2020/02/01,1,0,0,1,"Western Pacific",0,0
,Cambodia,11.55,104.917,2020/02/02,1,0,0,1,"Western Pacific",0,0
,Cambodia,11.55,104.917,2020/02/02,1,0,0,1,"Western Pacific",0,0
,Cambodia,11.55,104.917,2020/02/03,1,0,0,1,"Western Pacific",0,0
,Cambodia,11.55,104.917,2020/02/03,1,0,0,1,"Western Pacific",0,0
,Cambodia,11.55,104.917,2020/02/04,1,0,0,1,"Western Pacific",0,0
,Cambodia,11.55,104.917,2020/02/04,1,0,0,1,"Western Pacific",0,0
,Cambodia,11.55,104.917,2020/02/05,1,0,0,1,"Western Pacific",0,0
,Cambodia,11.55,104.917,2020/02/05,1,0,0,1,"Western Pacific",0,0
,Cambodia,11.55,104.917,2020/02/06,1,0,0,1,"Western Pacific",0,0
,Cambodia,11.55,104.917,2020/02/06,1,0,0,1,"Western Pacific",0,0
,Cambodia,11.55,104.917,2020/02/07,1,0,0,1,"Western Pacific",0,0
,Cambodia,11.55,104.917,2020/02/07,1,0,0,1,"Western Pacific",0,0
,Cambodia,11.55,104.917,2020/02/08,1,0,0,1,"Western Pacific",0,0
,Cambodia,11.55,104.917,2020/02/08,1,0,0,1,"Western Pacific",0,0
,Cambodia,11.55,104.917,2020/02/09,1,0,0,1,"Western Pacific",0,0
,Cambodia,11.55,104.917,2020/02/09,1,0,0,1,"Western Pacific",0,0
,Cambodia,11.55,104.917,2020/02/10,1,0,0,1,"Western Pacific",0,0
,Cambodia,11.55,104.917,2020/02/10,1,0,0,1,"Western Pacific",0,0
,Cambodia,11.55,104.917,2020/02/11,1,0,0,1,"Western Pacific",0,0
,Cambodia,11.55,104.917,2020/02/11,1,0,0,1,"Western Pacific",0,0
,Cambodia,11.55,104.917,2020/02/12,1,0,1,0,"Western Pacific",0,0
,Cambodia,11.55,104.917,2020/02/12,1,0,1,0,"Western Pacific",0,0
,Cambodia,11.55,104.917,2020/02/13,1,0,1,0,"Western Pacific",0,0
,Cambodia,11.55,104.917,2020/02/13,1,0,1,0,"Western Pacific",0,0
,Cambodia,11.55,104.917,2020/02/14,1,0,1,0,"Western Pacific",0,0
,Cambodia,11.55,104.917,2020/02/14,1,0,1,0,"Western Pacific",0,0
,Cambodia,11.55,104.917,2020/02/15,1,0,1,0,"Western Pacific",0,0
,Cambodia,11.55,104.917,2020/02/15,1,0,1,0,"Western Pacific",0,0
,Cambodia,11.55,104.917,2020/02/16,1,0,1,0,"Western Pacific",0,0
,Cambodia,11.55,104.917,2020/02/16,1,0,1,0,"Western Pacific",0,0
,Cambodia,11.55,104.917,2020/02/17,1,0,1,0,"Western Pacific",0,0
,Cambodia,11.55,104.917,2020/02/17,1,0,1,0,"Western Pacific",0,0
,Cambodia,11.55,104.917,2020/02/18,1,0,1,0,"Western Pacific",0,0
,Cambodia,11.55,104.917,2020/02/18,1,0,1,0,"Western Pacific",0,0
,Cambodia,11.55,104.917,2020/02/19,1,0,1,0,"Western Pacific",0,0
,Cambodia,11.55,104.917,2020/02/19,1,0,1,0,"Western Pacific",0,0
,Cambodia,11.55,104.917,2020/02/20,1,0,1,0,"Western Pacific",0,0
,Cambodia,11.55,104.917,2020/02/20,1,0,1,0,"Western Pacific",0,0
,Cambodia,11.55,104.917,2020/02/21,1,0,1,0,"Western Pacific",0,0
,Cambodia,11.55,104.917,2020/02/21,1,0,1,0,"Western Pacific",0,0
,Cambodia,11.55,104.917,2020/02/22,1,0,1,0,"Western Pacific",0,0
,Cambodia,11.55,104.917,2020/02/22,1,0,1,0,"Western Pacific",0,0
,Cambodia,11.55,104.917,2020/02/23,1,0,1,0,"Western Pacific",0,0
,Cambodia,11.55,104.917,2020/02/23,1,0,1,0,"Western Pacific",0,0
,Cambodia,11.55,104.917,2020/02/24,1,0,1,0,"Western Pacific",0,0
,Cambodia,11.55,104.917,2020/02/24,1,0,1,0,"Western Pacific",0,0
,Cambodia,11.55,104.917,2020/02/25,1,0,1,0,"Western Pacific",0,0
,Cambodia,11.55,104.917,2020/02/25,1,0,1,0,"Western Pacific",0,0
Ontario,Canada,51.2538,-85.3232,2020/01/26,1,0,0,1,Americas,1,0
Ontario,Canada,51.2538,-85.3232,2020/01/26,1,0,0,1,Americas,1,0
Ontario,Canada,51.2538,-85.3232,2020/01/27,1,0,0,1,Americas,1,0
Ontario,Canada,51.2538,-85.3232,2020/01/27,1,0,0,1,Americas,1,0
"British Columbia",Canada,53.7267,-127.648,2020/01/28,1,0,0,1,Americas,1,0
Ontario,Canada,51.2538,-85.3232,2020/01/28,1,0,0,1,Americas,1,0
"British Columbia",Canada,53.7267,-127.648,2020/01/28,1,0,0,1,Americas,1,0
Ontario,Canada,51.2538,-85.3232,2020/01/28,1,0,0,1,Americas,0,0
"British Columbia",Canada,53.7267,-127.648,2020/01/29,1,0,0,1,Americas,1,0
Ontario,Canada,51.2538,-85.3232,2020/01/29,1,0,0,1,Americas,1,0
"British Columbia",Canada,53.7267,-127.648,2020/01/29,1,0,0,1,Americas,1,0
Ontario,Canada,51.2538,-85.3232,2020/01/29,1,0,0,1,Americas,1,0
"British Columbia",Canada,53.7267,-127.648,2020/01/30,1,0,0,1,Americas,1,0
Ontario,Canada,51.2538,-85.3232,2020/01/30,1,0,0,1,Americas,1,0
Ontario,Canada,51.2538,-85.3232,2020/01/30,1,0,0,1,Americas,1,0
"British Columbia",Canada,53.7267,-127.648,2020/01/30,1,0,0,1,Americas,1,0
"British Columbia",Canada,53.7267,-127.648,2020/01/31,1,0,0,1,Americas,1,0
Ontario,Canada,51.2538,-85.3232,2020/01/31,3,0,0,3,Americas,3,0
Ontario,Canada,51.2538,-85.3232,2020/01/31,3,0,0,3,Americas,0,0
"British Columbia",Canada,53.7267,-127.648,2020/01/31,1,0,0,1,Americas,1,0
Ontario,Canada,51.2538,-85.3232,2020/02/01,3,0,0,3,Americas,3,0
"British Columbia",Canada,53.7267,-127.648,2020/02/01,1,0,0,1,Americas,1,0
Ontario,Canada,51.2538,-85.3232,2020/02/01,3,0,0,3,Americas,3,0
"British Columbia",Canada,53.7267,-127.648,2020/02/01,1,0,0,1,Americas,1,0
Ontario,Canada,51.2538,-85.3232,2020/02/02,3,0,0,3,Americas,3,0
"British Columbia",Canada,53.7267,-127.648,2020/02/02,1,0,0,1,Americas,1,0
Ontario,Canada,51.2538,-85.3232,2020/02/02,3,0,0,3,Americas,3,0
"British Columbia",Canada,53.7267,-127.648,2020/02/02,1,0,0,1,Americas,1,0
"British Columbia",Canada,53.7267,-127.648,2020/02/03,1,0,0,1,Americas,1,0
Ontario,Canada,51.2538,-85.3232,2020/02/03,3,0,0,3,Americas,3,0
"British Columbia",Canada,53.7267,-127.648,2020/02/03,1,0,0,1,Americas,1,0
Ontario,Canada,51.2538,-85.3232,2020/02/03,3,0,0,3,Americas,3,0
"British Columbia",Canada,53.7267,-127.648,2020/02/04,1,0,0,1,Americas,1,0
Ontario,Canada,51.2538,-85.3232,2020/02/04,3,0,0,3,Americas,3,0
"British Columbia",Canada,53.7267,-127.648,2020/02/04,1,0,0,1,Americas,1,0
Ontario,Canada,51.2538,-85.3232,2020/02/04,3,0,0,3,Americas,3,0
"British Columbia",Canada,53.7267,-127.648,2020/02/05,2,0,0,2,Americas,2,0
Ontario,Canada,51.2538,-85.3232,2020/02/05,3,0,0,3,Americas,3,0
"British Columbia",Canada,53.7267,-127.648,2020/02/05,2,0,0,2,Americas,2,0
Ontario,Canada,51.2538,-85.3232,2020/02/05,3,0,0,3,Americas,3,0
Ontario,Canada,51.2538,-85.3232,2020/02/06,3,0,0,3,Americas,3,0
"British Columbia",Canada,53.7267,-127.648,2020/02/06,2,0,0,2,Americas,2,0
Ontario,Canada,51.2538,-85.3232,2020/02/06,3,0,0,3,Americas,3,0
"British Columbia",Canada,53.7267,-127.648,2020/02/06,2,0,0,2,Americas,-1,0
Ontario,Canada,51.2538,-85.3232,2020/02/07,3,0,0,3,Americas,3,0
"British Columbia",Canada,53.7267,-127.648,2020/02/07,4,0,0,4,Americas,4,0
Ontario,Canada,51.2538,-85.3232,2020/02/07,3,0,0,3,Americas,3,0
"British Columbia",Canada,53.7267,-127.648,2020/02/07,4,0,0,4,Americas,4,0
"British Columbia",Canada,53.7267,-127.648,2020/02/08,4,0,0,4,Americas,4,0
Ontario,Canada,51.2538,-85.3232,2020/02/08,3,0,0,3,Americas,3,0
"British Columbia",Canada,53.7267,-127.648,2020/02/08,4,0,0,4,Americas,4,0
Ontario,Canada,51.2538,-85.3232,2020/02/08,3,0,0,3,Americas,3,0
"British Columbia",Canada,53.7267,-127.648,2020/02/09,4,0,0,4,Americas,4,0
Ontario,Canada,51.2538,-85.3232,2020/02/09,3,0,0,3,Americas,3,0
"British Columbia",Canada,53.7267,-127.648,2020/02/09,4,0,0,4,Americas,4,0
Ontario,Canada,51.2538,-85.3232,2020/02/09,3,0,0,3,Americas,3,0
Ontario,Canada,51.2538,-85.3232,2020/02/10,3,0,0,3,Americas,3,0
"British Columbia",Canada,53.7267,-127.648,2020/02/10,4,0,0,4,Americas,4,0
Ontario,Canada,51.2538,-85.3232,2020/02/10,3,0,0,3,Americas,3,0
"British Columbia",Canada,53.7267,-127.648,2020/02/10,4,0,0,4,Americas,4,0
Ontario,Canada,51.2538,-85.3232,2020/02/11,3,0,0,3,Americas,3,0
"British Columbia",Canada,53.7267,-127.648,2020/02/11,4,0,0,4,Americas,4,0
Ontario,Canada,51.2538,-85.3232,2020/02/11,3,0,0,3,Americas,3,0
"British Columbia",Canada,53.7267,-127.648,2020/02/11,4,0,0,4,Americas,4,0
Ontario,Canada,51.2538,-85.3232,2020/02/12,3,0,0,3,Americas,3,0
"British Columbia",Canada,53.7267,-127.648,2020/02/12,4,0,0,4,Americas,4,0
Ontario,Canada,51.2538,-85.3232,2020/02/12,3,0,0,3,Americas,3,0
"British Columbia",Canada,53.7267,-127.648,2020/02/12,4,0,0,4,Americas,4,0
Ontario,Canada,51.2538,-85.3232,2020/02/13,3,0,0,3,Americas,3,0
"British Columbia",Canada,53.7267,-127.648,2020/02/13,4,0,0,4,Americas,4,0
Ontario,Canada,51.2538,-85.3232,2020/02/13,3,0,0,3,Americas,3,0
"British Columbia",Canada,53.7267,-127.648,2020/02/13,4,0,0,4,Americas,4,0
"British Columbia",Canada,53.7267,-127.648,2020/02/14,4,0,0,4,Americas,4,0
Ontario,Canada,51.2538,-85.3232,2020/02/14,3,0,0,3,Americas,-1,0
Ontario,Canada,51.2538,-85.3232,2020/02/14,3,0,0,3,Americas,3,0
"British Columbia",Canada,53.7267,-127.648,2020/02/14,4,0,0,4,Americas,4,0
Ontario,Canada,51.2538,-85.3232,2020/02/15,3,0,0,3,Americas,3,0
"British Columbia",Canada,53.7267,-127.648,2020/02/15,4,0,0,4,Americas,4,0
"British Columbia",Canada,53.7267,-127.648,2020/02/15,4,0,0,4,Americas,4,0
Ontario,Canada,51.2538,-85.3232,2020/02/15,3,0,0,3,Americas,3,0
Ontario,Canada,51.2538,-85.3232,2020/02/16,3,0,0,3,Americas,3,0
"British Columbia",Canada,53.7267,-127.648,2020/02/16,4,0,0,4,Americas,4,0
"British Columbia",Canada,53.7267,-127.648,2020/02/16,4,0,0,4,Americas,4,0
Ontario,Canada,51.2538,-85.3232,2020/02/16,3,0,0,3,Americas,3,0
Ontario,Canada,51.2538,-85.3232,2020/02/17,3,0,0,3,Americas,3,0
"British Columbia",Canada,53.7267,-127.648,2020/02/17,5,0,0,5,Americas,5,0
Ontario,Canada,51.2538,-85.3232,2020/02/17,3,0,0,3,Americas,3,0
"British Columbia",Canada,53.7267,-127.648,2020/02/17,5,0,0,5,Americas,5,0
Ontario,Canada,51.2538,-85.3232,2020/02/18,3,0,0,3,Americas,3,0
"British Columbia",Canada,53.7267,-127.648,2020/02/18,5,0,0,5,Americas,5,0
Ontario,Canada,51.2538,-85.3232,2020/02/18,3,0,0,3,Americas,3,0
"British Columbia",Canada,53.7267,-127.648,2020/02/18,5,0,0,5,Americas,5,0
Ontario,Canada,51.2538,-85.3232,2020/02/19,3,0,0,3,Americas,3,0
"British Columbia",Canada,53.7267,-127.648,2020/02/19,5,0,0,5,Americas,5,0
"British Columbia",Canada,53.7267,-127.648,2020/02/19,5,0,0,5,Americas,5,0
Ontario,Canada,51.2538,-85.3232,2020/02/19,3,0,0,3,Americas,-2,0
Ontario,Canada,51.2538,-85.3232,2020/02/20,3,0,0,3,Americas,3,0
"British Columbia",Canada,53.7267,-127.648,2020/02/20,5,0,0,5,Americas,5,0
Ontario,Canada,51.2538,-85.3232,2020/02/20,3,0,0,3,Americas,3,0
"British Columbia",Canada,53.7267,-127.648,2020/02/20,5,0,0,5,Americas,2,0
Ontario,Canada,51.2538,-85.3232,2020/02/21,3,0,0,3,Americas,3,0
"British Columbia",Canada,53.7267,-127.648,2020/02/21,6,0,0,6,Americas,6,0
Ontario,Canada,51.2538,-85.3232,2020/02/21,3,0,0,3,Americas,3,0
"British Columbia",Canada,53.7267,-127.648,2020/02/21,6,0,0,6,Americas,6,0
"British Columbia",Canada,53.7267,-127.648,2020/02/22,6,0,0,6,Americas,6,0
Ontario,Canada,51.2538,-85.3232,2020/02/22,3,0,0,3,Americas,3,0
Ontario,Canada,51.2538,-85.3232,2020/02/22,3,0,0,3,Americas,3,0
"British Columbia",Canada,53.7267,-127.648,2020/02/22,6,0,0,6,Americas,6,0
Ontario,Canada,51.2538,-85.3232,2020/02/23,3,0,0,3,Americas,3,0
"British Columbia",Canada,53.7267,-127.648,2020/02/23,6,0,0,6,Americas,6,0
"British Columbia",Canada,53.7267,-127.648,2020/02/23,6,0,0,6,Americas,6,0
Ontario,Canada,51.2538,-85.3232,2020/02/23,3,0,0,3,Americas,3,0
Ontario,Canada,51.2538,-85.3232,2020/02/24,4,0,0,4,Americas,4,0
"British Columbia",Canada,53.7267,-127.648,2020/02/24,6,0,0,6,Americas,6,0
"British Columbia",Canada,53.7267,-127.648,2020/02/24,6,0,0,6,Americas,6,0
Ontario,Canada,51.2538,-85.3232,2020/02/24,4,0,0,4,Americas,4,0
"British Columbia",Canada,53.7267,-127.648,2020/02/25,7,0,0,7,Americas,7,0
Ontario,Canada,51.2538,-85.3232,2020/02/25,4,0,0,4,Americas,4,0
Ontario,Canada,51.2538,-85.3232,2020/02/25,4,0,0,4,Americas,4,0
"British Columbia",Canada,53.7267,-127.648,2020/02/25,7,0,0,7,Americas,7,0
,Chile,-35.6751,-71.543,2020/02/23,2,0,0,2,Americas,2,0
,Chile,-35.6751,-71.543,2020/02/23,2,0,0,2,Americas,0,0
,Chile,-35.6751,-71.543,2020/02/24,2,0,0,2,Americas,0,0
,Chile,-35.6751,-71.543,2020/02/24,2,0,0,2,Americas,0,0
,Chile,-35.6751,-71.543,2020/02/25,2,0,0,2,Americas,0,0
,Chile,-35.6751,-71.543,2020/02/25,2,0,0,2,Americas,0,0
Tianjin,China,39.3054,117.323,2020/01/22,4,0,0,4,"Western Pacific",4,0
Sichuan,China,30.6171,102.71,2020/01/22,5,0,0,5,"Western Pacific",1,0
Shanxi,China,37.5777,112.292,2020/01/22,1,0,0,1,"Western Pacific",-4,0
Shanghai,China,31.202,121.449,2020/01/22,9,0,0,9,"Western Pacific",8,0
Shandong,China,36.3427,118.15,2020/01/22,2,0,0,2,"Western Pacific",-7,0
Ningxia,China,37.2692,106.165,2020/01/22,1,0,0,1,"Western Pacific",1,0
Macau,China,22.1667,113.55,2020/01/22,1,0,0,1,"Western Pacific",0,0
Liaoning,China,41.2956,122.608,2020/01/22,2,0,0,2,"Western Pacific",1,0
Jiangxi,China,27.614,115.722,2020/01/22,2,0,0,2,"Western Pacific",0,0
Jiangsu,China,32.9711,119.455,2020/01/22,1,0,0,1,"Western Pacific",-1,0
Guangdong,China,23.3417,113.424,2020/01/22,26,0,0,26,"Western Pacific",25,0
Guangxi,China,23.8298,108.788,2020/01/22,2,0,0,2,"Western Pacific",2,0
Guizhou,China,26.8154,106.875,2020/01/22,1,0,0,1,"Western Pacific",-1,0
Hainan,China,19.1959,109.745,2020/01/22,4,0,0,4,"Western Pacific",3,0
Hunan,China,27.6104,111.709,2020/01/22,4,0,0,4,"Western Pacific",0,0
Hubei,China,30.9756,112.271,2020/01/22,444,17,28,399,"Western Pacific",440,0.0383
Hebei,China,39.549,116.131,2020/01/22,1,0,0,1,"Western Pacific",1,0
Henan,China,37.8957,114.904,2020/01/22,5,0,0,5,"Western Pacific",5,0
Beijing,China,40.1824,116.414,2020/01/22,14,0,0,14,"Western Pacific",14,0
Anhui,China,31.8257,117.226,2020/01/22,1,0,0,1,"Western Pacific",-13,0
Chongqing,China,30.0572,107.874,2020/01/22,6,0,0,6,"Western Pacific",5,0
Fujian,China,26.0789,117.987,2020/01/22,1,0,0,1,"Western Pacific",-5,0
Zhejiang,China,29.1832,120.093,2020/01/22,10,0,0,10,"Western Pacific",9,0
Yunnan,China,24.974,101.487,2020/01/22,1,0,0,1,"Western Pacific",-9,0
Jiangsu,China,32.9711,119.455,2020/01/22,1,0,0,1,"Western Pacific",1,0
Jiangxi,China,27.614,115.722,2020/01/22,2,0,0,2,"Western Pacific",1,0
Liaoning,China,41.2956,122.608,2020/01/22,2,0,0,2,"Western Pacific",2,0
Macau,China,22.1667,113.55,2020/01/22,1,0,0,1,"Western Pacific",-1,0
Ningxia,China,37.2692,106.165,2020/01/22,1,0,0,1,"Western Pacific",0,0
Sichuan,China,30.6171,102.71,2020/01/22,5,0,0,5,"Western Pacific",4,0
Shanxi,China,37.5777,112.292,2020/01/22,1,0,0,1,"Western Pacific",-4,0
Shanghai,China,31.202,121.449,2020/01/22,9,0,0,9,"Western Pacific",8,0
Shandong,China,36.3427,118.15,2020/01/22,2,0,0,2,"Western Pacific",-7,0
Zhejiang,China,29.1832,120.093,2020/01/22,10,0,0,10,"Western Pacific",10,0
Yunnan,China,24.974,101.487,2020/01/22,1,0,0,1,"Western Pacific",-9,0
Beijing,China,40.1824,116.414,2020/01/22,14,0,0,14,"Western Pacific",14,0
Anhui,China,31.8257,117.226,2020/01/22,1,0,0,1,"Western Pacific",-13,0
Guizhou,China,26.8154,106.875,2020/01/22,1,0,0,1,"Western Pacific",0,0
Chongqing,China,30.0572,107.874,2020/01/22,6,0,0,6,"Western Pacific",5,0
Fujian,China,26.0789,117.987,2020/01/22,1,0,0,1,"Western Pacific",-5,0
Guangdong,China,23.3417,113.424,2020/01/22,26,0,0,26,"Western Pacific",26,0
Guangxi,China,23.8298,108.788,2020/01/22,2,0,0,2,"Western Pacific",-24,0
Hainan,China,19.1959,109.745,2020/01/22,4,0,0,4,"Western Pacific",2,0
Hebei,China,39.549,116.131,2020/01/22,1,0,0,1,"Western Pacific",-3,0
Henan,China,37.8957,114.904,2020/01/22,5,0,0,5,"Western Pacific",5,0
Tianjin,China,39.3054,117.323,2020/01/22,4,0,0,4,"Western Pacific",4,0
Hubei,China,30.9756,112.271,2020/01/22,444,17,28,399,"Western Pacific",440,0.0383
Hunan,China,27.6104,111.709,2020/01/22,4,0,0,4,"Western Pacific",-440,0
Hebei,China,39.549,116.131,2020/01/23,1,1,0,0,"Western Pacific",1,1
Heilongjiang,China,47.862,127.761,2020/01/23,2,0,0,2,"Western Pacific",1,0
Henan,China,37.8957,114.904,2020/01/23,5,0,0,5,"Western Pacific",3,0
"Hong Kong",China,22.3,114.2,2020/01/23,2,0,0,2,"Western Pacific",-3,0
Hubei,China,30.9756,112.271,2020/01/23,444,17,28,399,"Western Pacific",442,0.0383
Hunan,China,27.6104,111.709,2020/01/23,9,0,0,9,"Western Pacific",-435,0
Jiangsu,China,32.9711,119.455,2020/01/23,5,0,0,5,"Western Pacific",5,0
Jiangxi,China,27.614,115.722,2020/01/23,7,0,0,7,"Western Pacific",2,0
Liaoning,China,41.2956,122.608,2020/01/23,3,0,0,3,"Western Pacific",-4,0
Shanxi,China,37.5777,112.292,2020/01/23,1,0,0,1,"Western Pacific",-2,0
Macau,China,22.1667,113.55,2020/01/23,2,0,0,2,"Western Pacific",1,0
Ningxia,China,37.2692,106.165,2020/01/23,1,0,0,1,"Western Pacific",-1,0
Shaanxi,China,35.1917,108.87,2020/01/23,3,0,0,3,"Western Pacific",3,0
Shanghai,China,31.202,121.449,2020/01/23,16,0,0,16,"Western Pacific",13,0
Tianjin,China,39.3054,117.323,2020/01/23,4,0,0,4,"Western Pacific",-12,0
Fujian,China,26.0789,117.987,2020/01/23,5,0,0,5,"Western Pacific",1,0
Jilin,China,43.6661,126.192,2020/01/23,1,0,0,1,"Western Pacific",-4,0
Shandong,China,36.3427,118.15,2020/01/23,6,0,0,6,"Western Pacific",5,0
Beijing,China,40.1824,116.414,2020/01/23,22,0,0,22,"Western Pacific",22,0
Chongqing,China,30.0572,107.874,2020/01/23,9,0,0,9,"Western Pacific",-13,0
Gansu,China,35.7518,104.286,2020/01/23,2,0,0,2,"Western Pacific",-7,0
Guangdong,China,23.3417,113.424,2020/01/23,32,0,2,30,"Western Pacific",30,0
Guangxi,China,23.8298,108.788,2020/01/23,5,0,0,5,"Western Pacific",-27,0
Guizhou,China,26.8154,106.875,2020/01/23,3,0,0,3,"Western Pacific",-2,0
Hainan,China,19.1959,109.745,2020/01/23,5,0,0,5,"Western Pacific",2,0
Sichuan,China,30.6171,102.71,2020/01/23,8,0,0,8,"Western Pacific",3,0
Zhejiang,China,29.1832,120.093,2020/01/23,27,0,0,27,"Western Pacific",19,0
Xinjiang,China,41.1129,85.2401,2020/01/23,2,0,0,2,"Western Pacific",-25,0
Yunnan,China,24.974,101.487,2020/01/23,2,0,0,2,"Western Pacific",0,0
Anhui,China,31.8257,117.226,2020/01/23,9,0,0,9,"Western Pacific",7,0
Jiangxi,China,27.614,115.722,2020/01/23,7,0,0,7,"Western Pacific",-2,0
Jilin,China,43.6661,126.192,2020/01/23,1,0,0,1,"Western Pacific",-6,0
Liaoning,China,41.2956,122.608,2020/01/23,3,0,0,3,"Western Pacific",2,0
Macau,China,22.1667,113.55,2020/01/23,2,0,0,2,"Western Pacific",-1,0
Ningxia,China,37.2692,106.165,2020/01/23,1,0,0,1,"Western Pacific",-1,0
Shaanxi,China,35.1917,108.87,2020/01/23,3,0,0,3,"Western Pacific",3,0
Shandong,China,36.3427,118.15,2020/01/23,6,0,0,6,"Western Pacific",3,0
Shanghai,China,31.202,121.449,2020/01/23,16,0,0,16,"Western Pacific",10,0
Shanxi,China,37.5777,112.292,2020/01/23,1,0,0,1,"Western Pacific",-15,0
Sichuan,China,30.6171,102.71,2020/01/23,8,0,0,8,"Western Pacific",7,0
Tianjin,China,39.3054,117.323,2020/01/23,4,0,0,4,"Western Pacific",-4,0
Xinjiang,China,41.1129,85.2401,2020/01/23,2,0,0,2,"Western Pacific",-2,0
Yunnan,China,24.974,101.487,2020/01/23,2,0,0,2,"Western Pacific",0,0
Zhejiang,China,29.1832,120.093,2020/01/23,27,0,0,27,"Western Pacific",25,0
Anhui,China,31.8257,117.226,2020/01/23,9,0,0,9,"Western Pacific",9,0
Beijing,China,40.1824,116.414,2020/01/23,22,0,0,22,"Western Pacific",13,0
Chongqing,China,30.0572,107.874,2020/01/23,9,0,0,9,"Western Pacific",-13,0
Fujian,China,26.0789,117.987,2020/01/23,5,0,0,5,"Western Pacific",-4,0
Gansu,China,35.7518,104.286,2020/01/23,2,0,0,2,"Western Pacific",-3,0
Guangdong,China,23.3417,113.424,2020/01/23,32,0,2,30,"Western Pacific",30,0
Guangxi,China,23.8298,108.788,2020/01/23,5,0,0,5,"Western Pacific",-27,0
Guizhou,China,26.8154,106.875,2020/01/23,3,0,0,3,"Western Pacific",-2,0
Hainan,China,19.1959,109.745,2020/01/23,5,0,0,5,"Western Pacific",2,0
Hebei,China,39.549,116.131,2020/01/23,1,1,0,0,"Western Pacific",-4,1
Heilongjiang,China,47.862,127.761,2020/01/23,2,0,0,2,"Western Pacific",1,0
Henan,China,37.8957,114.904,2020/01/23,5,0,0,5,"Western Pacific",3,0
"Hong Kong",China,22.3,114.2,2020/01/23,2,0,0,2,"Western Pacific",-3,0
Hubei,China,30.9756,112.271,2020/01/23,444,17,28,399,"Western Pacific",442,0.0383
Hunan,China,27.6104,111.709,2020/01/23,9,0,0,9,"Western Pacific",-435,0
Jiangsu,China,32.9711,119.455,2020/01/23,5,0,0,5,"Western Pacific",5,0
Xinjiang,China,41.1129,85.2401,2020/01/24,2,0,0,2,"Western Pacific",-3,0
Yunnan,China,24.974,101.487,2020/01/24,5,0,0,5,"Western Pacific",3,0
Zhejiang,China,29.1832,120.093,2020/01/24,43,0,1,42,"Western Pacific",38,0
Shandong,China,36.3427,118.15,2020/01/24,15,0,0,15,"Western Pacific",-28,0
Shaanxi,China,35.1917,108.87,2020/01/24,5,0,0,5,"Western Pacific",-10,0
Ningxia,China,37.2692,106.165,2020/01/24,2,0,0,2,"Western Pacific",2,0
Macau,China,22.1667,113.55,2020/01/24,2,0,0,2,"Western Pacific",0,0
Liaoning,China,41.2956,122.608,2020/01/24,4,0,0,4,"Western Pacific",2,0
Jilin,China,43.6661,126.192,2020/01/24,3,0,0,3,"Western Pacific",-1,0
Jiangxi,China,27.614,115.722,2020/01/24,18,0,0,18,"Western Pacific",15,0
Anhui,China,31.8257,117.226,2020/01/24,15,0,0,15,"Western Pacific",-3,0
Guangxi,China,23.8298,108.788,2020/01/24,23,0,0,23,"Western Pacific",8,0
Chongqing,China,30.0572,107.874,2020/01/24,27,0,0,27,"Western Pacific",4,0
Jiangsu,China,32.9711,119.455,2020/01/24,9,0,0,9,"Western Pacific",-18,0
"Inner Mongolia",China,44.0935,113.945,2020/01/24,1,0,0,1,"Western Pacific",-8,0
Hunan,China,27.6104,111.709,2020/01/24,24,0,0,24,"Western Pacific",23,0
Hubei,China,30.9756,112.271,2020/01/24,549,24,31,494,"Western Pacific",525,0.0437
"Hong Kong",China,22.3,114.2,2020/01/24,2,0,0,2,"Western Pacific",-547,0
Henan,China,37.8957,114.904,2020/01/24,9,0,0,9,"Western Pacific",7,0
Heilongjiang,China,47.862,127.761,2020/01/24,4,1,0,3,"Western Pacific",-5,0.25
Hebei,China,39.549,116.131,2020/01/24,2,1,0,1,"Western Pacific",-2,0.5
Hainan,China,19.1959,109.745,2020/01/24,8,0,0,8,"Western Pacific",6,0
Guizhou,China,26.8154,106.875,2020/01/24,3,0,0,3,"Western Pacific",-5,0
Beijing,China,40.1824,116.414,2020/01/24,36,0,1,35,"Western Pacific",33,0
Guangdong,China,23.3417,113.424,2020/01/24,53,0,2,51,"Western Pacific",17,0
Gansu,China,35.7518,104.286,2020/01/24,2,0,0,2,"Western Pacific",-51,0
Fujian,China,26.0789,117.987,2020/01/24,10,0,0,10,"Western Pacific",8,0
Shanxi,China,37.5777,112.292,2020/01/24,1,0,0,1,"Western Pacific",-9,0
Shanghai,China,31.202,121.449,2020/01/24,20,0,1,19,"Western Pacific",19,0
Tianjin,China,39.3054,117.323,2020/01/24,8,0,0,8,"Western Pacific",-12,0
Sichuan,China,30.6171,102.71,2020/01/24,15,0,0,15,"Western Pacific",15,0
"Inner Mongolia",China,44.0935,113.945,2020/01/24,1,0,0,1,"Western Pacific",1,0
Zhejiang,China,29.1832,120.093,2020/01/24,43,0,1,42,"Western Pacific",42,0
Yunnan,China,24.974,101.487,2020/01/24,5,0,0,5,"Western Pacific",-38,0
Xinjiang,China,41.1129,85.2401,2020/01/24,2,0,0,2,"Western Pacific",-3,0
Tianjin,China,39.3054,117.323,2020/01/24,8,0,0,8,"Western Pacific",6,0
Sichuan,China,30.6171,102.71,2020/01/24,15,0,0,15,"Western Pacific",7,0
Shanxi,China,37.5777,112.292,2020/01/24,1,0,0,1,"Western Pacific",-14,0
Shanghai,China,31.202,121.449,2020/01/24,20,0,1,19,"Western Pacific",19,0
Shandong,China,36.3427,118.15,2020/01/24,15,0,0,15,"Western Pacific",-5,0
Shaanxi,China,35.1917,108.87,2020/01/24,5,0,0,5,"Western Pacific",-10,0
Ningxia,China,37.2692,106.165,2020/01/24,2,0,0,2,"Western Pacific",2,0
Macau,China,22.1667,113.55,2020/01/24,2,0,0,2,"Western Pacific",0,0
Liaoning,China,41.2956,122.608,2020/01/24,4,0,0,4,"Western Pacific",2,0
Jilin,China,43.6661,126.192,2020/01/24,3,0,0,3,"Western Pacific",-1,0
Jiangxi,China,27.614,115.722,2020/01/24,18,0,0,18,"Western Pacific",15,0
Jiangsu,China,32.9711,119.455,2020/01/24,9,0,0,9,"Western Pacific",-9,0
Hunan,China,27.6104,111.709,2020/01/24,24,0,0,24,"Western Pacific",15,0
Hubei,China,30.9756,112.271,2020/01/24,549,24,31,494,"Western Pacific",525,0.0437
"Hong Kong",China,22.3,114.2,2020/01/24,2,0,0,2,"Western Pacific",-547,0
Henan,China,37.8957,114.904,2020/01/24,9,0,0,9,"Western Pacific",7,0
Heilongjiang,China,47.862,127.761,2020/01/24,4,1,0,3,"Western Pacific",-5,0.25
Hebei,China,39.549,116.131,2020/01/24,2,1,0,1,"Western Pacific",-2,0.5
Hainan,China,19.1959,109.745,2020/01/24,8,0,0,8,"Western Pacific",6,0
Guizhou,China,26.8154,106.875,2020/01/24,3,0,0,3,"Western Pacific",-5,0
Guangxi,China,23.8298,108.788,2020/01/24,23,0,0,23,"Western Pacific",20,0
Guangdong,China,23.3417,113.424,2020/01/24,53,0,2,51,"Western Pacific",30,0
Gansu,China,35.7518,104.286,2020/01/24,2,0,0,2,"Western Pacific",-51,0
Fujian,China,26.0789,117.987,2020/01/24,10,0,0,10,"Western Pacific",8,0
Chongqing,China,30.0572,107.874,2020/01/24,27,0,0,27,"Western Pacific",17,0
Beijing,China,40.1824,116.414,2020/01/24,36,0,1,35,"Western Pacific",9,0
Anhui,China,31.8257,117.226,2020/01/24,15,0,0,15,"Western Pacific",-21,0
Gansu,China,35.7518,104.286,2020/01/25,4,0,0,4,"Western Pacific",-11,0
Fujian,China,26.0789,117.987,2020/01/25,18,0,0,18,"Western Pacific",14,0
Hunan,China,27.6104,111.709,2020/01/25,43,0,0,43,"Western Pacific",25,0
Hubei,China,30.9756,112.271,2020/01/25,761,40,32,689,"Western Pacific",718,0.0526
"Hong Kong",China,22.3,114.2,2020/01/25,5,0,0,5,"Western Pacific",-756,0
Guangdong,China,23.3417,113.424,2020/01/25,78,0,2,76,"Western Pacific",73,0
Shandong,China,36.3427,118.15,2020/01/25,27,0,0,27,"Western Pacific",-51,0
Shanghai,China,31.202,121.449,2020/01/25,33,0,1,32,"Western Pacific",6,0
Shanxi,China,37.5777,112.292,2020/01/25,6,0,0,6,"Western Pacific",-27,0
Sichuan,China,30.6171,102.71,2020/01/25,28,0,0,28,"Western Pacific",22,0
Qinghai,China,35.7452,95.9956,2020/01/25,1,0,0,1,"Western Pacific",-27,0
Tianjin,China,39.3054,117.323,2020/01/25,10,0,0,10,"Western Pacific",9,0
Jiangxi,China,27.614,115.722,2020/01/25,18,0,0,18,"Western Pacific",8,0
Xinjiang,China,41.1129,85.2401,2020/01/25,3,0,0,3,"Western Pacific",3,0
Yunnan,China,24.974,101.487,2020/01/25,11,0,0,11,"Western Pacific",8,0
Henan,China,37.8957,114.904,2020/01/25,32,0,0,32,"Western Pacific",21,0
Heilongjiang,China,47.862,127.761,2020/01/25,9,1,0,8,"Western Pacific",-23,0.1111
Zhejiang,China,29.1832,120.093,2020/01/25,62,0,1,61,"Western Pacific",53,0
Ningxia,China,37.2692,106.165,2020/01/25,3,0,0,3,"Western Pacific",-59,0
Macau,China,22.1667,113.55,2020/01/25,2,0,0,2,"Western Pacific",-1,0
Liaoning,China,41.2956,122.608,2020/01/25,17,0,0,17,"Western Pacific",15,0
Jilin,China,43.6661,126.192,2020/01/25,4,0,0,4,"Western Pacific",-13,0
Hebei,China,39.549,116.131,2020/01/25,8,1,0,7,"Western Pacific",4,0.125
Jiangsu,China,32.9711,119.455,2020/01/25,18,0,1,17,"Western Pacific",10,0
Hainan,China,19.1959,109.745,2020/01/25,19,0,0,19,"Western Pacific",1,0
Guizhou,China,26.8154,106.875,2020/01/25,4,0,0,4,"Western Pacific",-15,0
Guangxi,China,23.8298,108.788,2020/01/25,23,0,0,23,"Western Pacific",19,0
"Inner Mongolia",China,44.0935,113.945,2020/01/25,7,0,0,7,"Western Pacific",-16,0
Anhui,China,31.8257,117.226,2020/01/25,39,0,0,39,"Western Pacific",32,0
Beijing,China,40.1824,116.414,2020/01/25,41,0,2,39,"Western Pacific",2,0
Chongqing,China,30.0572,107.874,2020/01/25,57,0,0,57,"Western Pacific",16,0
Shaanxi,China,35.1917,108.87,2020/01/25,15,0,0,15,"Western Pacific",-42,0
Qinghai,China,35.7452,95.9956,2020/01/25,1,0,0,1,"Western Pacific",-14,0
Shaanxi,China,35.1917,108.87,2020/01/25,15,0,0,15,"Western Pacific",14,0
Shandong,China,36.3427,118.15,2020/01/25,27,0,0,27,"Western Pacific",12,0
Shanghai,China,31.202,121.449,2020/01/25,33,0,1,32,"Western Pacific",6,0
Shanxi,China,37.5777,112.292,2020/01/25,6,0,0,6,"Western Pacific",-27,0
Sichuan,China,30.6171,102.71,2020/01/25,28,0,0,28,"Western Pacific",22,0
Tianjin,China,39.3054,117.323,2020/01/25,10,0,0,10,"Western Pacific",-18,0
Yunnan,China,24.974,101.487,2020/01/25,11,0,0,11,"Western Pacific",11,0
Zhejiang,China,29.1832,120.093,2020/01/25,62,0,1,61,"Western Pacific",51,0
Xinjiang,China,41.1129,85.2401,2020/01/25,3,0,0,3,"Western Pacific",-59,0
Anhui,China,31.8257,117.226,2020/01/25,39,0,0,39,"Western Pacific",36,0
Beijing,China,40.1824,116.414,2020/01/25,41,0,2,39,"Western Pacific",2,0
Chongqing,China,30.0572,107.874,2020/01/25,57,0,0,57,"Western Pacific",16,0
Fujian,China,26.0789,117.987,2020/01/25,18,0,0,18,"Western Pacific",-39,0
Gansu,China,35.7518,104.286,2020/01/25,4,0,0,4,"Western Pacific",-14,0
Guangdong,China,23.3417,113.424,2020/01/25,78,0,2,76,"Western Pacific",74,0
Guangxi,China,23.8298,108.788,2020/01/25,23,0,0,23,"Western Pacific",-55,0
Guizhou,China,26.8154,106.875,2020/01/25,4,0,0,4,"Western Pacific",-19,0
Hainan,China,19.1959,109.745,2020/01/25,19,0,0,19,"Western Pacific",15,0
Hebei,China,39.549,116.131,2020/01/25,8,1,0,7,"Western Pacific",-11,0.125
Heilongjiang,China,47.862,127.761,2020/01/25,9,1,0,8,"Western Pacific",1,0.1111
Henan,China,37.8957,114.904,2020/01/25,32,0,0,32,"Western Pacific",23,0
"Hong Kong",China,22.3,114.2,2020/01/25,5,0,0,5,"Western Pacific",-27,0
Hubei,China,30.9756,112.271,2020/01/25,761,40,32,689,"Western Pacific",756,0.0526
Hunan,China,27.6104,111.709,2020/01/25,43,0,0,43,"Western Pacific",-718,0
"Inner Mongolia",China,44.0935,113.945,2020/01/25,7,0,0,7,"Western Pacific",-36,0
Jiangsu,China,32.9711,119.455,2020/01/25,18,0,1,17,"Western Pacific",11,0
Jiangxi,China,27.614,115.722,2020/01/25,18,0,0,18,"Western Pacific",0,0
Jilin,China,43.6661,126.192,2020/01/25,4,0,0,4,"Western Pacific",-14,0
Liaoning,China,41.2956,122.608,2020/01/25,17,0,0,17,"Western Pacific",13,0
Macau,China,22.1667,113.55,2020/01/25,2,0,0,2,"Western Pacific",-15,0
Ningxia,China,37.2692,106.165,2020/01/25,3,0,0,3,"Western Pacific",1,0
Henan,China,37.8957,114.904,2020/01/26,83,1,0,82,"Western Pacific",80,0.012
Beijing,China,40.1824,116.414,2020/01/26,68,0,2,66,"Western Pacific",-15,0
Anhui,China,31.8257,117.226,2020/01/26,60,0,0,60,"Western Pacific",-8,0
Hebei,China,39.549,116.131,2020/01/26,13,1,0,12,"Western Pacific",-47,0.0769
Jiangxi,China,27.614,115.722,2020/01/26,36,0,0,36,"Western Pacific",23,0
Jilin,China,43.6661,126.192,2020/01/26,4,0,0,4,"Western Pacific",-32,0
Liaoning,China,41.2956,122.608,2020/01/26,21,0,0,21,"Western Pacific",17,0
Hainan,China,19.1959,109.745,2020/01/26,22,0,0,22,"Western Pacific",1,0
Guizhou,China,26.8154,106.875,2020/01/26,5,0,0,5,"Western Pacific",-17,0
Macau,China,22.1667,113.55,2020/01/26,5,0,0,5,"Western Pacific",0,0
"Hong Kong",China,22.3,114.2,2020/01/26,8,0,0,8,"Western Pacific",3,0
Shanghai,China,31.202,121.449,2020/01/26,40,1,1,38,"Western Pacific",32,0.025
Shanxi,China,37.5777,112.292,2020/01/26,9,0,0,9,"Western Pacific",-31,0
Sichuan,China,30.6171,102.71,2020/01/26,44,0,0,44,"Western Pacific",35,0
Hubei,China,30.9756,112.271,2020/01/26,1058,52,42,964,"Western Pacific",1014,0.0491
Hunan,China,27.6104,111.709,2020/01/26,69,0,0,69,"Western Pacific",-989,0
"Inner Mongolia",China,44.0935,113.945,2020/01/26,7,0,0,7,"Western Pacific",-62,0
Jiangsu,China,32.9711,119.455,2020/01/26,33,0,1,32,"Western Pacific",26,0
Heilongjiang,China,47.862,127.761,2020/01/26,15,1,0,14,"Western Pacific",-18,0.0667
Tianjin,China,39.3054,117.323,2020/01/26,14,0,0,14,"Western Pacific",-1,0
Shandong,China,36.3427,118.15,2020/01/26,46,0,0,46,"Western Pacific",32,0
Xinjiang,China,41.1129,85.2401,2020/01/26,4,0,0,4,"Western Pacific",-42,0
Fujian,China,26.0789,117.987,2020/01/26,35,0,0,35,"Western Pacific",31,0
Yunnan,China,24.974,101.487,2020/01/26,16,0,0,16,"Western Pacific",-19,0
Zhejiang,China,29.1832,120.093,2020/01/26,104,0,1,103,"Western Pacific",88,0
Gansu,China,35.7518,104.286,2020/01/26,7,0,0,7,"Western Pacific",-97,0
Shaanxi,China,35.1917,108.87,2020/01/26,22,0,0,22,"Western Pacific",15,0
Qinghai,China,35.7452,95.9956,2020/01/26,1,0,0,1,"Western Pacific",-21,0
Chongqing,China,30.0572,107.874,2020/01/26,75,0,0,75,"Western Pacific",74,0
Ningxia,China,37.2692,106.165,2020/01/26,4,0,0,4,"Western Pacific",-71,0
Guangdong,China,23.3417,113.424,2020/01/26,111,0,2,109,"Western Pacific",107,0
Guangxi,China,23.8298,108.788,2020/01/26,36,0,0,36,"Western Pacific",-75,0
Jiangsu,China,32.9711,119.455,2020/01/26,33,0,1,32,"Western Pacific",33,0
"Inner Mongolia",China,44.0935,113.945,2020/01/26,7,0,0,7,"Western Pacific",-26,0
Yunnan,China,24.974,101.487,2020/01/26,16,0,0,16,"Western Pacific",9,0
Xinjiang,China,41.1129,85.2401,2020/01/26,4,0,0,4,"Western Pacific",-12,0
Hunan,China,27.6104,111.709,2020/01/26,69,0,0,69,"Western Pacific",69,0
Jiangxi,China,27.614,115.722,2020/01/26,36,0,0,36,"Western Pacific",-33,0
Sichuan,China,30.6171,102.71,2020/01/26,44,0,0,44,"Western Pacific",8,0
Hebei,China,39.549,116.131,2020/01/26,13,1,0,12,"Western Pacific",-31,0.0769
Shandong,China,36.3427,118.15,2020/01/26,46,0,0,46,"Western Pacific",33,0
Shaanxi,China,35.1917,108.87,2020/01/26,22,0,0,22,"Western Pacific",-24,0
Shanxi,China,37.5777,112.292,2020/01/26,9,0,0,9,"Western Pacific",-13,0
Qinghai,China,35.7452,95.9956,2020/01/26,1,0,0,1,"Western Pacific",-8,0
Ningxia,China,37.2692,106.165,2020/01/26,4,0,0,4,"Western Pacific",3,0
Hubei,China,30.9756,112.271,2020/01/26,1058,52,42,964,"Western Pacific",1054,0.0491
"Hong Kong",China,22.3,114.2,2020/01/26,8,0,0,8,"Western Pacific",-1050,0
Henan,China,37.8957,114.904,2020/01/26,83,1,0,82,"Western Pacific",75,0.012
Heilongjiang,China,47.862,127.761,2020/01/26,15,1,0,14,"Western Pacific",-68,0.0667
Macau,China,22.1667,113.55,2020/01/26,5,0,0,5,"Western Pacific",-10,0
Hainan,China,19.1959,109.745,2020/01/26,22,0,0,22,"Western Pacific",17,0
Guizhou,China,26.8154,106.875,2020/01/26,5,0,0,5,"Western Pacific",-17,0
Liaoning,China,41.2956,122.608,2020/01/26,21,0,0,21,"Western Pacific",16,0
Jilin,China,43.6661,126.192,2020/01/26,4,0,0,4,"Western Pacific",-17,0
Guangxi,China,23.8298,108.788,2020/01/26,36,0,0,36,"Western Pacific",32,0
Guangdong,China,23.3417,113.424,2020/01/26,111,0,2,109,"Western Pacific",75,0
Gansu,China,35.7518,104.286,2020/01/26,7,0,0,7,"Western Pacific",-104,0
Fujian,China,26.0789,117.987,2020/01/26,35,0,0,35,"Western Pacific",28,0
Chongqing,China,30.0572,107.874,2020/01/26,75,0,0,75,"Western Pacific",40,0
Beijing,China,40.1824,116.414,2020/01/26,68,0,2,66,"Western Pacific",-7,0
Anhui,China,31.8257,117.226,2020/01/26,60,0,0,60,"Western Pacific",-8,0
Tianjin,China,39.3054,117.323,2020/01/26,14,0,0,14,"Western Pacific",-46,0
Shanghai,China,31.202,121.449,2020/01/26,40,1,1,38,"Western Pacific",26,0.025
Zhejiang,China,29.1832,120.093,2020/01/26,104,0,1,103,"Western Pacific",64,0
Tianjin,China,39.3054,117.323,2020/01/27,23,0,0,23,"Western Pacific",-81,0
Sichuan,China,30.6171,102.71,2020/01/27,69,0,0,69,"Western Pacific",46,0
Shanxi,China,37.5777,112.292,2020/01/27,13,0,0,13,"Western Pacific",-56,0
Shanghai,China,31.202,121.449,2020/01/27,53,1,3,49,"Western Pacific",40,0.0189
Shandong,China,36.3427,118.15,2020/01/27,75,0,0,75,"Western Pacific",22,0
Qinghai,China,35.7452,95.9956,2020/01/27,6,0,0,6,"Western Pacific",-69,0
Ningxia,China,37.2692,106.165,2020/01/27,7,0,0,7,"Western Pacific",1,0
Macau,China,22.1667,113.55,2020/01/27,6,0,0,6,"Western Pacific",-1,0
Liaoning,China,41.2956,122.608,2020/01/27,27,0,0,27,"Western Pacific",21,0
Jilin,China,43.6661,126.192,2020/01/27,6,0,0,6,"Western Pacific",-21,0
Shaanxi,China,35.1917,108.87,2020/01/27,35,0,0,35,"Western Pacific",29,0
Jiangxi,China,27.614,115.722,2020/01/27,72,0,2,70,"Western Pacific",37,0
"Inner Mongolia",China,44.0935,113.945,2020/01/27,11,0,0,11,"Western Pacific",-61,0
Zhejiang,China,29.1832,120.093,2020/01/27,128,0,1,127,"Western Pacific",117,0
Yunnan,China,24.974,101.487,2020/01/27,26,0,0,26,"Western Pacific",-102,0
Xinjiang,China,41.1129,85.2401,2020/01/27,5,0,0,5,"Western Pacific",-21,0
Gansu,China,35.7518,104.286,2020/01/27,14,0,0,14,"Western Pacific",14,0
Guangdong,China,23.3417,113.424,2020/01/27,151,0,4,147,"Western Pacific",137,0
Guangxi,China,23.8298,108.788,2020/01/27,46,0,0,46,"Western Pacific",-105,0
Guizhou,China,26.8154,106.875,2020/01/27,7,0,0,7,"Western Pacific",-39,0
Henan,China,37.8957,114.904,2020/01/27,128,1,0,127,"Western Pacific",121,0.0078
Hainan,China,19.1959,109.745,2020/01/27,33,1,0,32,"Western Pacific",-95,0.0303
Hebei,China,39.549,116.131,2020/01/27,18,1,0,17,"Western Pacific",-15,0.0556
Heilongjiang,China,47.862,127.761,2020/01/27,21,1,0,20,"Western Pacific",3,0.0476
"Hong Kong",China,22.3,114.2,2020/01/27,8,0,0,8,"Western Pacific",-13,0
Hubei,China,30.9756,112.271,2020/01/27,1423,76,45,1302,"Western Pacific",1415,0.0534
Chongqing,China,30.0572,107.874,2020/01/27,110,0,0,110,"Western Pacific",-1313,0
Jiangsu,China,32.9711,119.455,2020/01/27,47,0,1,46,"Western Pacific",-63,0
Hunan,China,27.6104,111.709,2020/01/27,100,0,0,100,"Western Pacific",53,0
Anhui,China,31.8257,117.226,2020/01/27,70,0,0,70,"Western Pacific",-30,0
Fujian,China,26.0789,117.987,2020/01/27,59,0,0,59,"Western Pacific",-11,0
Beijing,China,40.1824,116.414,2020/01/27,80,1,2,77,"Western Pacific",21,0.0125
Hainan,China,19.1959,109.745,2020/01/27,33,1,0,32,"Western Pacific",-47,0.0303
Guizhou,China,26.8154,106.875,2020/01/27,7,0,0,7,"Western Pacific",-26,0
Guangxi,China,23.8298,108.788,2020/01/27,46,0,0,46,"Western Pacific",39,0
Shandong,China,36.3427,118.15,2020/01/27,75,0,0,75,"Western Pacific",29,0
Guangdong,China,23.3417,113.424,2020/01/27,151,0,4,147,"Western Pacific",76,0
Gansu,China,35.7518,104.286,2020/01/27,14,0,0,14,"Western Pacific",-137,0
Fujian,China,26.0789,117.987,2020/01/27,59,0,0,59,"Western Pacific",45,0
Shanghai,China,31.202,121.449,2020/01/27,53,1,3,49,"Western Pacific",-6,0.0189
Chongqing,China,30.0572,107.874,2020/01/27,110,0,0,110,"Western Pacific",57,0
Beijing,China,40.1824,116.414,2020/01/27,80,1,2,77,"Western Pacific",-30,0.0125
Anhui,China,31.8257,117.226,2020/01/27,70,0,0,70,"Western Pacific",-10,0
Shanxi,China,37.5777,112.292,2020/01/27,13,0,0,13,"Western Pacific",-57,0
Sichuan,China,30.6171,102.71,2020/01/27,69,0,0,69,"Western Pacific",56,0
Tianjin,China,39.3054,117.323,2020/01/27,23,0,0,23,"Western Pacific",-46,0
Yunnan,China,24.974,101.487,2020/01/27,26,0,0,26,"Western Pacific",26,0
Zhejiang,China,29.1832,120.093,2020/01/27,128,0,1,127,"Western Pacific",102,0
"Hong Kong",China,22.3,114.2,2020/01/27,8,0,0,8,"Western Pacific",-120,0
Xinjiang,China,41.1129,85.2401,2020/01/27,5,0,0,5,"Western Pacific",-3,0
Hubei,China,30.9756,112.271,2020/01/27,1423,76,45,1302,"Western Pacific",1418,0.0534
Hunan,China,27.6104,111.709,2020/01/27,100,0,0,100,"Western Pacific",-1323,0
"Inner Mongolia",China,44.0935,113.945,2020/01/27,11,0,0,11,"Western Pacific",-89,0
Jiangsu,China,32.9711,119.455,2020/01/27,47,0,1,46,"Western Pacific",36,0
Jiangxi,China,27.614,115.722,2020/01/27,72,0,2,70,"Western Pacific",25,0
Jilin,China,43.6661,126.192,2020/01/27,6,0,0,6,"Western Pacific",-66,0
Liaoning,China,41.2956,122.608,2020/01/27,27,0,0,27,"Western Pacific",21,0
Macau,China,22.1667,113.55,2020/01/27,6,0,0,6,"Western Pacific",-21,0
Ningxia,China,37.2692,106.165,2020/01/27,7,0,0,7,"Western Pacific",1,0
Henan,China,37.8957,114.904,2020/01/27,128,1,0,127,"Western Pacific",121,0.0078
Qinghai,China,35.7452,95.9956,2020/01/27,6,0,0,6,"Western Pacific",-122,0
Heilongjiang,China,47.862,127.761,2020/01/27,21,1,0,20,"Western Pacific",15,0.0476
Shaanxi,China,35.1917,108.87,2020/01/27,35,0,0,35,"Western Pacific",14,0
Hebei,China,39.549,116.131,2020/01/27,18,1,0,17,"Western Pacific",-17,0.0556
"Hong Kong",China,22.3,114.2,2020/01/28,8,0,0,8,"Western Pacific",-10,0
Beijing,China,40.1824,116.414,2020/01/28,91,1,4,86,"Western Pacific",83,0.011
Anhui,China,31.8257,117.226,2020/01/28,106,0,0,106,"Western Pacific",15,0
Yunnan,China,24.974,101.487,2020/01/28,44,0,0,44,"Western Pacific",-62,0
Xinjiang,China,41.1129,85.2401,2020/01/28,10,0,0,10,"Western Pacific",-34,0
Tianjin,China,39.3054,117.323,2020/01/28,24,0,0,24,"Western Pacific",24,0
Sichuan,China,30.6171,102.71,2020/01/28,90,0,0,90,"Western Pacific",66,0
Shanghai,China,31.202,121.449,2020/01/28,66,1,4,61,"Western Pacific",-24,0.0152
Shandong,China,36.3427,118.15,2020/01/28,95,0,0,95,"Western Pacific",29,0
Shaanxi,China,35.1917,108.87,2020/01/28,46,0,0,46,"Western Pacific",-49,0
Qinghai,China,35.7452,95.9956,2020/01/28,6,0,0,6,"Western Pacific",-40,0
Ningxia,China,37.2692,106.165,2020/01/28,11,0,0,11,"Western Pacific",5,0
Macau,China,22.1667,113.55,2020/01/28,7,0,0,7,"Western Pacific",-4,0
Liaoning,China,41.2956,122.608,2020/01/28,34,0,0,34,"Western Pacific",27,0
Jilin,China,43.6661,126.192,2020/01/28,8,0,0,8,"Western Pacific",-26,0
Jiangxi,China,27.614,115.722,2020/01/28,109,0,3,106,"Western Pacific",101,0
Jiangsu,China,32.9711,119.455,2020/01/28,70,0,1,69,"Western Pacific",-39,0
"Inner Mongolia",China,44.0935,113.945,2020/01/28,15,0,0,15,"Western Pacific",-55,0
Hunan,China,27.6104,111.709,2020/01/28,143,0,0,143,"Western Pacific",128,0
Hubei,China,30.9756,112.271,2020/01/28,3554,125,80,3349,"Western Pacific",3411,0.0352
Chongqing,China,30.0572,107.874,2020/01/28,132,0,0,132,"Western Pacific",-3422,0
Henan,China,37.8957,114.904,2020/01/28,168,1,0,167,"Western Pacific",36,0.006
Heilongjiang,China,47.862,127.761,2020/01/28,33,1,0,32,"Western Pacific",-135,0.0303
Hebei,China,39.549,116.131,2020/01/28,33,1,0,32,"Western Pacific",0,0.0303
Hainan,China,19.1959,109.745,2020/01/28,40,1,0,39,"Western Pacific",7,0.025
Guizhou,China,26.8154,106.875,2020/01/28,9,0,0,9,"Western Pacific",-31,0
Guangxi,China,23.8298,108.788,2020/01/28,51,0,2,49,"Western Pacific",42,0
Guangdong,China,23.3417,113.424,2020/01/28,207,0,4,203,"Western Pacific",156,0
Gansu,China,35.7518,104.286,2020/01/28,19,0,0,19,"Western Pacific",-188,0
Fujian,China,26.0789,117.987,2020/01/28,80,0,0,80,"Western Pacific",61,0
Zhejiang,China,29.1832,120.093,2020/01/28,173,0,3,170,"Western Pacific",93,0
Shanxi,China,37.5777,112.292,2020/01/28,27,0,0,27,"Western Pacific",-146,0
Xinjiang,China,41.1129,85.2401,2020/01/28,10,0,0,10,"Western Pacific",-17,0
Yunnan,China,24.974,101.487,2020/01/28,44,0,0,44,"Western Pacific",34,0
Zhejiang,China,29.1832,120.093,2020/01/28,173,0,3,170,"Western Pacific",129,0
Jiangxi,China,27.614,115.722,2020/01/28,109,0,3,106,"Western Pacific",-64,0
Anhui,China,31.8257,117.226,2020/01/28,106,0,0,106,"Western Pacific",-3,0
Beijing,China,40.1824,116.414,2020/01/28,91,1,4,86,"Western Pacific",-15,0.011
Chongqing,China,30.0572,107.874,2020/01/28,132,0,0,132,"Western Pacific",41,0
Fujian,China,26.0789,117.987,2020/01/28,80,0,0,80,"Western Pacific",-52,0
Gansu,China,35.7518,104.286,2020/01/28,19,0,0,19,"Western Pacific",-61,0
Guangdong,China,23.3417,113.424,2020/01/28,207,0,4,203,"Western Pacific",188,0
Guangxi,China,23.8298,108.788,2020/01/28,51,0,2,49,"Western Pacific",-156,0
Guizhou,China,26.8154,106.875,2020/01/28,9,0,0,9,"Western Pacific",-42,0
Hainan,China,19.1959,109.745,2020/01/28,40,1,0,39,"Western Pacific",31,0.025
Hebei,China,39.549,116.131,2020/01/28,33,1,0,32,"Western Pacific",-7,0.0303
Heilongjiang,China,47.862,127.761,2020/01/28,33,1,0,32,"Western Pacific",0,0.0303
Henan,China,37.8957,114.904,2020/01/28,168,1,0,167,"Western Pacific",135,0.006
"Hong Kong",China,22.3,114.2,2020/01/28,8,0,0,8,"Western Pacific",-160,0
Hubei,China,30.9756,112.271,2020/01/28,3554,125,80,3349,"Western Pacific",3546,0.0352
Hunan,China,27.6104,111.709,2020/01/28,143,0,0,143,"Western Pacific",-3411,0
"Inner Mongolia",China,44.0935,113.945,2020/01/28,15,0,0,15,"Western Pacific",-128,0
Jiangsu,China,32.9711,119.455,2020/01/28,70,0,1,69,"Western Pacific",55,0
Jilin,China,43.6661,126.192,2020/01/28,8,0,0,8,"Western Pacific",-62,0
Liaoning,China,41.2956,122.608,2020/01/28,34,0,0,34,"Western Pacific",26,0
Macau,China,22.1667,113.55,2020/01/28,7,0,0,7,"Western Pacific",-27,0
Ningxia,China,37.2692,106.165,2020/01/28,11,0,0,11,"Western Pacific",4,0
Qinghai,China,35.7452,95.9956,2020/01/28,6,0,0,6,"Western Pacific",-5,0
Shaanxi,China,35.1917,108.87,2020/01/28,46,0,0,46,"Western Pacific",40,0
Shandong,China,36.3427,118.15,2020/01/28,95,0,0,95,"Western Pacific",49,0
Shanghai,China,31.202,121.449,2020/01/28,66,1,4,61,"Western Pacific",-29,0.0152
Shanxi,China,37.5777,112.292,2020/01/28,27,0,0,27,"Western Pacific",-39,0
Sichuan,China,30.6171,102.71,2020/01/28,90,0,0,90,"Western Pacific",63,0
Tianjin,China,39.3054,117.323,2020/01/28,24,0,0,24,"Western Pacific",-66,0
Fujian,China,26.0789,117.987,2020/01/29,84,0,0,84,"Western Pacific",84,0
Xinjiang,China,41.1129,85.2401,2020/01/29,13,0,0,13,"Western Pacific",-71,0
Tianjin,China,39.3054,117.323,2020/01/29,27,0,0,27,"Western Pacific",27,0
Sichuan,China,30.6171,102.71,2020/01/29,108,1,1,106,"Western Pacific",81,0.0093
Shanxi,China,37.5777,112.292,2020/01/29,27,0,1,26,"Western Pacific",-81,0
Shanghai,China,31.202,121.449,2020/01/29,96,1,5,90,"Western Pacific",69,0.0104
Shandong,China,36.3427,118.15,2020/01/29,130,0,1,129,"Western Pacific",34,0
Shaanxi,China,35.1917,108.87,2020/01/29,56,0,0,56,"Western Pacific",-74,0
Qinghai,China,35.7452,95.9956,2020/01/29,6,0,0,6,"Western Pacific",-50,0
Ningxia,China,37.2692,106.165,2020/01/29,12,0,0,12,"Western Pacific",6,0
Macau,China,22.1667,113.55,2020/01/29,7,0,0,7,"Western Pacific",-5,0
Henan,China,37.8957,114.904,2020/01/29,206,2,0,204,"Western Pacific",199,0.0097
Heilongjiang,China,47.862,127.761,2020/01/29,38,1,0,37,"Western Pacific",-168,0.0263
Guangxi,China,23.8298,108.788,2020/01/29,58,0,2,56,"Western Pacific",20,0
Beijing,China,40.1824,116.414,2020/01/29,111,1,4,106,"Western Pacific",53,0.009
Guangdong,China,23.3417,113.424,2020/01/29,277,0,5,272,"Western Pacific",166,0
Hebei,China,39.549,116.131,2020/01/29,48,1,0,47,"Western Pacific",-229,0.0208
Anhui,China,31.8257,117.226,2020/01/29,152,0,2,150,"Western Pacific",104,0
Gansu,China,35.7518,104.286,2020/01/29,24,0,0,24,"Western Pacific",-128,0
Chongqing,China,30.0572,107.874,2020/01/29,147,0,1,146,"Western Pacific",123,0
"Hong Kong",China,22.3,114.2,2020/01/29,10,0,0,10,"Western Pacific",-137,0
Hainan,China,19.1959,109.745,2020/01/29,43,1,0,42,"Western Pacific",33,0.0233
Guizhou,China,26.8154,106.875,2020/01/29,9,0,1,8,"Western Pacific",-34,0
Jilin,China,43.6661,126.192,2020/01/29,9,0,0,9,"Western Pacific",0,0
Jiangxi,China,27.614,115.722,2020/01/29,109,0,3,106,"Western Pacific",100,0
Jiangsu,China,32.9711,119.455,2020/01/29,99,0,1,98,"Western Pacific",-10,0
Liaoning,China,41.2956,122.608,2020/01/29,39,0,1,38,"Western Pacific",-60,0
"Inner Mongolia",China,44.0935,113.945,2020/01/29,16,0,0,16,"Western Pacific",-23,0
Hunan,China,27.6104,111.709,2020/01/29,221,0,0,221,"Western Pacific",205,0
Hubei,China,30.9756,112.271,2020/01/29,3554,125,88,3341,"Western Pacific",3333,0.0352
Zhejiang,China,29.1832,120.093,2020/01/29,296,0,3,293,"Western Pacific",-3258,0
Yunnan,China,24.974,101.487,2020/01/29,55,0,0,55,"Western Pacific",-241,0
Chongqing,China,30.0572,107.874,2020/01/29,147,0,1,146,"Western Pacific",92,0
Shanxi,China,37.5777,112.292,2020/01/29,27,0,1,26,"Western Pacific",-120,0
Sichuan,China,30.6171,102.71,2020/01/29,108,1,1,106,"Western Pacific",81,0.0093
Tianjin,China,39.3054,117.323,2020/01/29,27,0,0,27,"Western Pacific",-81,0
Xinjiang,China,41.1129,85.2401,2020/01/29,13,0,0,13,"Western Pacific",13,0
Yunnan,China,24.974,101.487,2020/01/29,55,0,0,55,"Western Pacific",42,0
Anhui,China,31.8257,117.226,2020/01/29,152,0,2,150,"Western Pacific",97,0
Beijing,China,40.1824,116.414,2020/01/29,111,1,4,106,"Western Pacific",-41,0.009
Zhejiang,China,29.1832,120.093,2020/01/29,296,0,3,293,"Western Pacific",185,0
Fujian,China,26.0789,117.987,2020/01/29,84,0,0,84,"Western Pacific",-212,0
Gansu,China,35.7518,104.286,2020/01/29,24,0,0,24,"Western Pacific",-60,0
Guangdong,China,23.3417,113.424,2020/01/29,277,0,5,272,"Western Pacific",253,0
Guangxi,China,23.8298,108.788,2020/01/29,58,0,2,56,"Western Pacific",-219,0
Guizhou,China,26.8154,106.875,2020/01/29,9,0,1,8,"Western Pacific",-49,0
Hainan,China,19.1959,109.745,2020/01/29,43,1,0,42,"Western Pacific",34,0.0233
Hebei,China,39.549,116.131,2020/01/29,48,1,0,47,"Western Pacific",5,0.0208
Ningxia,China,37.2692,106.165,2020/01/29,12,0,0,12,"Western Pacific",-36,0
Shandong,China,36.3427,118.15,2020/01/29,130,0,1,129,"Western Pacific",118,0
Shanghai,China,31.202,121.449,2020/01/29,96,1,5,90,"Western Pacific",-34,0.0104
Shaanxi,China,35.1917,108.87,2020/01/29,56,0,0,56,"Western Pacific",-40,0
Qinghai,China,35.7452,95.9956,2020/01/29,6,0,0,6,"Western Pacific",-50,0
Heilongjiang,China,47.862,127.761,2020/01/29,38,1,0,37,"Western Pacific",32,0.0263
Macau,China,22.1667,113.55,2020/01/29,7,0,0,7,"Western Pacific",-31,0
Liaoning,China,41.2956,122.608,2020/01/29,39,0,1,38,"Western Pacific",32,0
Jilin,China,43.6661,126.192,2020/01/29,9,0,0,9,"Western Pacific",-30,0
Jiangxi,China,27.614,115.722,2020/01/29,109,0,3,106,"Western Pacific",100,0
Jiangsu,China,32.9711,119.455,2020/01/29,99,0,1,98,"Western Pacific",-10,0
"Inner Mongolia",China,44.0935,113.945,2020/01/29,16,0,0,16,"Western Pacific",-83,0
Hunan,China,27.6104,111.709,2020/01/29,221,0,0,221,"Western Pacific",205,0
Hubei,China,30.9756,112.271,2020/01/29,3554,125,88,3341,"Western Pacific",3333,0.0352
"Hong Kong",China,22.3,114.2,2020/01/29,10,0,0,10,"Western Pacific",-3544,0
Henan,China,37.8957,114.904,2020/01/29,206,2,0,204,"Western Pacific",196,0.0097
Qinghai,China,35.7452,95.9956,2020/01/30,8,0,0,8,"Western Pacific",-198,0
Shaanxi,China,35.1917,108.87,2020/01/30,63,0,0,63,"Western Pacific",55,0
Shandong,China,36.3427,118.15,2020/01/30,158,0,1,157,"Western Pacific",95,0
Shanghai,China,31.202,121.449,2020/01/30,112,1,5,106,"Western Pacific",-46,0.0089
Shanxi,China,37.5777,112.292,2020/01/30,35,0,1,34,"Western Pacific",-77,0
Sichuan,China,30.6171,102.71,2020/01/30,142,1,1,140,"Western Pacific",107,0.007
Tianjin,China,39.3054,117.323,2020/01/30,31,0,0,31,"Western Pacific",-111,0
Tibet,China,31.6927,88.0924,2020/01/30,1,0,0,1,"Western Pacific",-30,0
Guangxi,China,23.8298,108.788,2020/01/30,78,0,2,76,"Western Pacific",77,0
Yunnan,China,24.974,101.487,2020/01/30,70,0,0,70,"Western Pacific",-8,0
Zhejiang,China,29.1832,120.093,2020/01/30,428,0,4,424,"Western Pacific",358,0
Guizhou,China,26.8154,106.875,2020/01/30,12,0,1,11,"Western Pacific",-416,0
Gansu,China,35.7518,104.286,2020/01/30,26,0,0,26,"Western Pacific",14,0
Fujian,China,26.0789,117.987,2020/01/30,101,0,0,101,"Western Pacific",75,0
Chongqing,China,30.0572,107.874,2020/01/30,182,0,1,181,"Western Pacific",81,0
Beijing,China,40.1824,116.414,2020/01/30,114,1,4,109,"Western Pacific",-68,0.0088
Hainan,China,19.1959,109.745,2020/01/30,46,1,1,44,"Western Pacific",-68,0.0217
Anhui,China,31.8257,117.226,2020/01/30,200,0,2,198,"Western Pacific",154,0
Hebei,China,39.549,116.131,2020/01/30,65,1,0,64,"Western Pacific",-135,0.0154
Heilongjiang,China,47.862,127.761,2020/01/30,44,2,0,42,"Western Pacific",-21,0.0455
Guangdong,China,23.3417,113.424,2020/01/30,354,0,10,344,"Western Pacific",310,0
"Hong Kong",China,22.3,114.2,2020/01/30,10,0,0,10,"Western Pacific",-344,0
Hubei,China,30.9756,112.271,2020/01/30,4903,162,90,4651,"Western Pacific",4893,0.033
Hunan,China,27.6104,111.709,2020/01/30,277,0,2,275,"Western Pacific",-4626,0
"Inner Mongolia",China,44.0935,113.945,2020/01/30,19,0,0,19,"Western Pacific",-258,0
Jiangsu,China,32.9711,119.455,2020/01/30,129,0,1,128,"Western Pacific",110,0
Jiangxi,China,27.614,115.722,2020/01/30,162,0,5,157,"Western Pacific",33,0
Jilin,China,43.6661,126.192,2020/01/30,14,0,1,13,"Western Pacific",-148,0
Liaoning,China,41.2956,122.608,2020/01/30,41,0,1,40,"Western Pacific",27,0
Macau,China,22.1667,113.55,2020/01/30,7,0,0,7,"Western Pacific",-34,0
Henan,China,37.8957,114.904,2020/01/30,278,2,0,276,"Western Pacific",271,0.0072
Ningxia,China,37.2692,106.165,2020/01/30,17,0,0,17,"Western Pacific",-261,0
Xinjiang,China,41.1129,85.2401,2020/01/30,14,0,0,14,"Western Pacific",-3,0
Guangdong,China,23.3417,113.424,2020/01/30,354,0,10,344,"Western Pacific",340,0
Jiangxi,China,27.614,115.722,2020/01/30,162,0,5,157,"Western Pacific",-192,0
Heilongjiang,China,47.862,127.761,2020/01/30,44,2,0,42,"Western Pacific",-118,0.0455
Jilin,China,43.6661,126.192,2020/01/30,14,0,1,13,"Western Pacific",-30,0
Gansu,China,35.7518,104.286,2020/01/30,26,0,0,26,"Western Pacific",12,0
